id,username,email,firstName,gender,lastName,profession,rating,lower_bound,question_count,upper_bound,session_confidence,cSum,c_level_avg,score
1,shivam,shivamxav@gmail.com,Shivam,M,Gupta,Student,500,389,3,594,0,0,0,0
2,"Mary
","Mary
@gmail.com","Mary
",M,Smith,Engineer,500,0,0,0,0,0,0,0
3,"Anna
","Anna
@gmail.com","Anna
",M,Smith,Engineer,500,0,0,0,0,0,0,0
4,"Emma
","Emma
@gmail.com","Emma
",M,Smith,Engineer,500,0,0,0,0,0,0,0
5,"Elizabeth
","Elizabeth
@gmail.com","Elizabeth
",M,Smith,Engineer,500,0,0,0,0,0,0,0
6,"Minnie
","Minnie
@gmail.com","Minnie
",M,Smith,Engineer,500,0,0,0,0,0,0,0
7,"Margaret
","Margaret
@gmail.com","Margaret
",M,Smith,Engineer,500,0,0,0,0,0,0,0
8,"Ida
","Ida
@gmail.com","Ida
",M,Smith,Engineer,500,0,0,0,0,0,0,0
9,"Alice
","Alice
@gmail.com","Alice
",M,Smith,Engineer,500,0,0,0,0,0,0,0
10,"Bertha
","Bertha
@gmail.com","Bertha
",M,Smith,Engineer,500,0,0,0,0,0,0,0
11,"Sarah
","Sarah
@gmail.com","Sarah
",M,Smith,Engineer,500,0,0,0,0,0,0,0
12,"Annie
","Annie
@gmail.com","Annie
",M,Smith,Engineer,500,0,0,0,0,0,0,0
13,"Clara
","Clara
@gmail.com","Clara
",M,Smith,Engineer,500,0,0,0,0,0,0,0
14,"Ella
","Ella
@gmail.com","Ella
",M,Smith,Engineer,500,0,0,0,0,0,0,0
15,"Florence
","Florence
@gmail.com","Florence
",M,Smith,Engineer,500,0,0,0,0,0,0,0
16,"Cora
","Cora
@gmail.com","Cora
",M,Smith,Engineer,500,0,0,0,0,0,0,0
17,"Martha
","Martha
@gmail.com","Martha
",M,Smith,Engineer,500,0,0,0,0,0,0,0
18,"Laura
","Laura
@gmail.com","Laura
",M,Smith,Engineer,500,0,0,0,0,0,0,0
19,"Nellie
","Nellie
@gmail.com","Nellie
",M,Smith,Engineer,500,0,0,0,0,0,0,0
20,"Grace
","Grace
@gmail.com","Grace
",M,Smith,Engineer,500,0,0,0,0,0,0,0
21,"Carrie
","Carrie
@gmail.com","Carrie
",M,Smith,Engineer,500,0,0,0,0,0,0,0
22,"Maude
","Maude
@gmail.com","Maude
",M,Smith,Engineer,500,0,0,0,0,0,0,0
23,"Mabel
","Mabel
@gmail.com","Mabel
",M,Smith,Engineer,500,0,0,0,0,0,0,0
24,"Bessie
","Bessie
@gmail.com","Bessie
",M,Smith,Engineer,500,0,0,0,0,0,0,0
25,"Jennie
","Jennie
@gmail.com","Jennie
",M,Smith,Engineer,500,0,0,0,0,0,0,0
26,"Gertrude
","Gertrude
@gmail.com","Gertrude
",M,Smith,Engineer,500,0,0,0,0,0,0,0
27,"Julia
","Julia
@gmail.com","Julia
",M,Smith,Engineer,500,0,0,0,0,0,0,0
28,"Hattie
","Hattie
@gmail.com","Hattie
",M,Smith,Engineer,500,0,0,0,0,0,0,0
29,"Edith
","Edith
@gmail.com","Edith
",M,Smith,Engineer,500,0,0,0,0,0,0,0
30,"Mattie
","Mattie
@gmail.com","Mattie
",M,Smith,Engineer,500,0,0,0,0,0,0,0
31,"Rose
","Rose
@gmail.com","Rose
",M,Smith,Engineer,500,0,0,0,0,0,0,0
32,"Catherine
","Catherine
@gmail.com","Catherine
",M,Smith,Engineer,500,0,0,0,0,0,0,0
33,"Lillian
","Lillian
@gmail.com","Lillian
",M,Smith,Engineer,500,0,0,0,0,0,0,0
34,"Ada
","Ada
@gmail.com","Ada
",M,Smith,Engineer,500,0,0,0,0,0,0,0
35,"Lillie
","Lillie
@gmail.com","Lillie
",M,Smith,Engineer,500,0,0,0,0,0,0,0
36,"Helen
","Helen
@gmail.com","Helen
",M,Smith,Engineer,500,0,0,0,0,0,0,0
37,"Jessie
","Jessie
@gmail.com","Jessie
",M,Smith,Engineer,500,0,0,0,0,0,0,0
38,"Louise
","Louise
@gmail.com","Louise
",M,Smith,Engineer,500,0,0,0,0,0,0,0
39,"Ethel
","Ethel
@gmail.com","Ethel
",M,Smith,Engineer,500,0,0,0,0,0,0,0
40,"Lula
","Lula
@gmail.com","Lula
",M,Smith,Engineer,500,0,0,0,0,0,0,0
41,"Myrtle
","Myrtle
@gmail.com","Myrtle
",M,Smith,Engineer,500,0,0,0,0,0,0,0
42,"Eva
","Eva
@gmail.com","Eva
",M,Smith,Engineer,500,0,0,0,0,0,0,0
43,"Frances
","Frances
@gmail.com","Frances
",M,Smith,Engineer,500,0,0,0,0,0,0,0
44,"Lena
","Lena
@gmail.com","Lena
",M,Smith,Engineer,500,0,0,0,0,0,0,0
45,"Lucy
","Lucy
@gmail.com","Lucy
",M,Smith,Engineer,500,0,0,0,0,0,0,0
46,"Edna
","Edna
@gmail.com","Edna
",M,Smith,Engineer,500,0,0,0,0,0,0,0
47,"Maggie
","Maggie
@gmail.com","Maggie
",M,Smith,Engineer,500,0,0,0,0,0,0,0
48,"Pearl
","Pearl
@gmail.com","Pearl
",M,Smith,Engineer,500,0,0,0,0,0,0,0
49,"Daisy
","Daisy
@gmail.com","Daisy
",M,Smith,Engineer,500,0,0,0,0,0,0,0
50,"Fannie
","Fannie
@gmail.com","Fannie
",M,Smith,Engineer,500,0,0,0,0,0,0,0
51,"Josephine
","Josephine
@gmail.com","Josephine
",M,Smith,Engineer,500,0,0,0,0,0,0,0
52,"Dora
","Dora
@gmail.com","Dora
",M,Smith,Engineer,500,0,0,0,0,0,0,0
53,"Rosa
","Rosa
@gmail.com","Rosa
",M,Smith,Engineer,500,0,0,0,0,0,0,0
54,"Katherine
","Katherine
@gmail.com","Katherine
",M,Smith,Engineer,500,0,0,0,0,0,0,0
55,"Agnes
","Agnes
@gmail.com","Agnes
",M,Smith,Engineer,500,0,0,0,0,0,0,0
56,"Marie
","Marie
@gmail.com","Marie
",M,Smith,Engineer,500,0,0,0,0,0,0,0
57,"Nora
","Nora
@gmail.com","Nora
",M,Smith,Engineer,500,0,0,0,0,0,0,0
58,"May
","May
@gmail.com","May
",M,Smith,Engineer,500,0,0,0,0,0,0,0
59,"Mamie
","Mamie
@gmail.com","Mamie
",M,Smith,Engineer,500,0,0,0,0,0,0,0
60,"Blanche
","Blanche
@gmail.com","Blanche
",M,Smith,Engineer,500,0,0,0,0,0,0,0
61,"Stella
","Stella
@gmail.com","Stella
",M,Smith,Engineer,500,0,0,0,0,0,0,0
62,"Ellen
","Ellen
@gmail.com","Ellen
",M,Smith,Engineer,500,0,0,0,0,0,0,0
63,"Nancy
","Nancy
@gmail.com","Nancy
",M,Smith,Engineer,500,0,0,0,0,0,0,0
64,"Effie
","Effie
@gmail.com","Effie
",M,Smith,Engineer,500,0,0,0,0,0,0,0
65,"Sallie
","Sallie
@gmail.com","Sallie
",M,Smith,Engineer,500,0,0,0,0,0,0,0
66,"Nettie
","Nettie
@gmail.com","Nettie
",M,Smith,Engineer,500,0,0,0,0,0,0,0
67,"Della
","Della
@gmail.com","Della
",M,Smith,Engineer,500,0,0,0,0,0,0,0
68,"Lizzie
","Lizzie
@gmail.com","Lizzie
",M,Smith,Engineer,500,0,0,0,0,0,0,0
69,"Flora
","Flora
@gmail.com","Flora
",M,Smith,Engineer,500,0,0,0,0,0,0,0
70,"Susie
","Susie
@gmail.com","Susie
",M,Smith,Engineer,500,0,0,0,0,0,0,0
71,"Maud
","Maud
@gmail.com","Maud
",M,Smith,Engineer,500,0,0,0,0,0,0,0
72,"Mae
","Mae
@gmail.com","Mae
",M,Smith,Engineer,500,0,0,0,0,0,0,0
73,"Etta
","Etta
@gmail.com","Etta
",M,Smith,Engineer,500,0,0,0,0,0,0,0
74,"Harriet
","Harriet
@gmail.com","Harriet
",M,Smith,Engineer,500,0,0,0,0,0,0,0
75,"Sadie
","Sadie
@gmail.com","Sadie
",M,Smith,Engineer,500,0,0,0,0,0,0,0
76,"Caroline
","Caroline
@gmail.com","Caroline
",M,Smith,Engineer,500,0,0,0,0,0,0,0
77,"Katie
","Katie
@gmail.com","Katie
",M,Smith,Engineer,500,0,0,0,0,0,0,0
78,"Lydia
","Lydia
@gmail.com","Lydia
",M,Smith,Engineer,500,0,0,0,0,0,0,0
79,"Elsie
","Elsie
@gmail.com","Elsie
",M,Smith,Engineer,500,0,0,0,0,0,0,0
80,"Kate
","Kate
@gmail.com","Kate
",M,Smith,Engineer,500,0,0,0,0,0,0,0
81,"Susan
","Susan
@gmail.com","Susan
",M,Smith,Engineer,500,0,0,0,0,0,0,0
82,"Mollie
","Mollie
@gmail.com","Mollie
",M,Smith,Engineer,500,0,0,0,0,0,0,0
83,"Alma
","Alma
@gmail.com","Alma
",M,Smith,Engineer,500,0,0,0,0,0,0,0
84,"Addie
","Addie
@gmail.com","Addie
",M,Smith,Engineer,500,0,0,0,0,0,0,0
85,"Georgia
","Georgia
@gmail.com","Georgia
",M,Smith,Engineer,500,0,0,0,0,0,0,0
86,"Eliza
","Eliza
@gmail.com","Eliza
",M,Smith,Engineer,500,0,0,0,0,0,0,0
87,"Lulu
","Lulu
@gmail.com","Lulu
",M,Smith,Engineer,500,0,0,0,0,0,0,0
88,"Nannie
","Nannie
@gmail.com","Nannie
",M,Smith,Engineer,500,0,0,0,0,0,0,0
89,"Lottie
","Lottie
@gmail.com","Lottie
",M,Smith,Engineer,500,0,0,0,0,0,0,0
90,"Amanda
","Amanda
@gmail.com","Amanda
",M,Smith,Engineer,500,0,0,0,0,0,0,0
91,"Belle
","Belle
@gmail.com","Belle
",M,Smith,Engineer,500,0,0,0,0,0,0,0
92,"Charlotte
","Charlotte
@gmail.com","Charlotte
",M,Smith,Engineer,500,0,0,0,0,0,0,0
93,"Rebecca
","Rebecca
@gmail.com","Rebecca
",M,Smith,Engineer,500,0,0,0,0,0,0,0
94,"Ruth
","Ruth
@gmail.com","Ruth
",M,Smith,Engineer,500,0,0,0,0,0,0,0
95,"Viola
","Viola
@gmail.com","Viola
",M,Smith,Engineer,500,0,0,0,0,0,0,0
96,"Olive
","Olive
@gmail.com","Olive
",M,Smith,Engineer,500,0,0,0,0,0,0,0
97,"Amelia
","Amelia
@gmail.com","Amelia
",M,Smith,Engineer,500,0,0,0,0,0,0,0
98,"Hannah
","Hannah
@gmail.com","Hannah
",M,Smith,Engineer,500,0,0,0,0,0,0,0
99,"Jane
","Jane
@gmail.com","Jane
",M,Smith,Engineer,500,0,0,0,0,0,0,0
100,"Virginia
","Virginia
@gmail.com","Virginia
",M,Smith,Engineer,500,0,0,0,0,0,0,0
101,"Emily
","Emily
@gmail.com","Emily
",M,Smith,Engineer,500,0,0,0,0,0,0,0
102,"Matilda
","Matilda
@gmail.com","Matilda
",M,Smith,Engineer,500,0,0,0,0,0,0,0
103,"Irene
","Irene
@gmail.com","Irene
",M,Smith,Engineer,500,0,0,0,0,0,0,0
104,"Kathryn
","Kathryn
@gmail.com","Kathryn
",M,Smith,Engineer,500,0,0,0,0,0,0,0
105,"Esther
","Esther
@gmail.com","Esther
",M,Smith,Engineer,500,0,0,0,0,0,0,0
106,"Willie
","Willie
@gmail.com","Willie
",M,Smith,Engineer,500,0,0,0,0,0,0,0
107,"Henrietta
","Henrietta
@gmail.com","Henrietta
",M,Smith,Engineer,500,0,0,0,0,0,0,0
108,"Ollie
","Ollie
@gmail.com","Ollie
",M,Smith,Engineer,500,0,0,0,0,0,0,0
109,"Amy
","Amy
@gmail.com","Amy
",M,Smith,Engineer,500,0,0,0,0,0,0,0
110,"Rachel
","Rachel
@gmail.com","Rachel
",M,Smith,Engineer,500,0,0,0,0,0,0,0
111,"Sara
","Sara
@gmail.com","Sara
",M,Smith,Engineer,500,0,0,0,0,0,0,0
112,"Estella
","Estella
@gmail.com","Estella
",M,Smith,Engineer,500,0,0,0,0,0,0,0
113,"Theresa
","Theresa
@gmail.com","Theresa
",M,Smith,Engineer,500,0,0,0,0,0,0,0
114,"Augusta
","Augusta
@gmail.com","Augusta
",M,Smith,Engineer,500,0,0,0,0,0,0,0
115,"Ora
","Ora
@gmail.com","Ora
",M,Smith,Engineer,500,0,0,0,0,0,0,0
116,"Pauline
","Pauline
@gmail.com","Pauline
",M,Smith,Engineer,500,0,0,0,0,0,0,0
117,"Josie
","Josie
@gmail.com","Josie
",M,Smith,Engineer,500,0,0,0,0,0,0,0
118,"Lola
","Lola
@gmail.com","Lola
",M,Smith,Engineer,500,0,0,0,0,0,0,0
119,"Sophia
","Sophia
@gmail.com","Sophia
",M,Smith,Engineer,500,0,0,0,0,0,0,0
120,"Leona
","Leona
@gmail.com","Leona
",M,Smith,Engineer,500,0,0,0,0,0,0,0
121,"Anne
","Anne
@gmail.com","Anne
",M,Smith,Engineer,500,0,0,0,0,0,0,0
122,"Mildred
","Mildred
@gmail.com","Mildred
",M,Smith,Engineer,500,0,0,0,0,0,0,0
123,"Ann
","Ann
@gmail.com","Ann
",M,Smith,Engineer,500,0,0,0,0,0,0,0
124,"Beulah
","Beulah
@gmail.com","Beulah
",M,Smith,Engineer,500,0,0,0,0,0,0,0
125,"Callie
","Callie
@gmail.com","Callie
",M,Smith,Engineer,500,0,0,0,0,0,0,0
126,"Lou
","Lou
@gmail.com","Lou
",M,Smith,Engineer,500,0,0,0,0,0,0,0
127,"Delia
","Delia
@gmail.com","Delia
",M,Smith,Engineer,500,0,0,0,0,0,0,0
128,"Eleanor
","Eleanor
@gmail.com","Eleanor
",M,Smith,Engineer,500,0,0,0,0,0,0,0
129,"Barbara
","Barbara
@gmail.com","Barbara
",M,Smith,Engineer,500,0,0,0,0,0,0,0
130,"Iva
","Iva
@gmail.com","Iva
",M,Smith,Engineer,500,0,0,0,0,0,0,0
131,"Louisa
","Louisa
@gmail.com","Louisa
",M,Smith,Engineer,500,0,0,0,0,0,0,0
132,"Maria
","Maria
@gmail.com","Maria
",M,Smith,Engineer,500,0,0,0,0,0,0,0
133,"Mayme
","Mayme
@gmail.com","Mayme
",M,Smith,Engineer,500,0,0,0,0,0,0,0
134,"Evelyn
","Evelyn
@gmail.com","Evelyn
",M,Smith,Engineer,500,0,0,0,0,0,0,0
135,"Estelle
","Estelle
@gmail.com","Estelle
",M,Smith,Engineer,500,0,0,0,0,0,0,0
136,"Nina
","Nina
@gmail.com","Nina
",M,Smith,Engineer,500,0,0,0,0,0,0,0
137,"Betty
","Betty
@gmail.com","Betty
",M,Smith,Engineer,500,0,0,0,0,0,0,0
138,"Marion
","Marion
@gmail.com","Marion
",M,Smith,Engineer,500,0,0,0,0,0,0,0
139,"Bettie
","Bettie
@gmail.com","Bettie
",M,Smith,Engineer,500,0,0,0,0,0,0,0
140,"Dorothy
","Dorothy
@gmail.com","Dorothy
",M,Smith,Engineer,500,0,0,0,0,0,0,0
141,"Luella
","Luella
@gmail.com","Luella
",M,Smith,Engineer,500,0,0,0,0,0,0,0
142,"Inez
","Inez
@gmail.com","Inez
",M,Smith,Engineer,500,0,0,0,0,0,0,0
143,"Lela
","Lela
@gmail.com","Lela
",M,Smith,Engineer,500,0,0,0,0,0,0,0
144,"Rosie
","Rosie
@gmail.com","Rosie
",M,Smith,Engineer,500,0,0,0,0,0,0,0
145,"Allie
","Allie
@gmail.com","Allie
",M,Smith,Engineer,500,0,0,0,0,0,0,0
146,"Millie
","Millie
@gmail.com","Millie
",M,Smith,Engineer,500,0,0,0,0,0,0,0
147,"Janie
","Janie
@gmail.com","Janie
",M,Smith,Engineer,500,0,0,0,0,0,0,0
148,"Cornelia
","Cornelia
@gmail.com","Cornelia
",M,Smith,Engineer,500,0,0,0,0,0,0,0
149,"Victoria
","Victoria
@gmail.com","Victoria
",M,Smith,Engineer,500,0,0,0,0,0,0,0
150,"Ruby
","Ruby
@gmail.com","Ruby
",M,Smith,Engineer,500,0,0,0,0,0,0,0
151,"Winifred
","Winifred
@gmail.com","Winifred
",M,Smith,Engineer,500,0,0,0,0,0,0,0
152,"Alta
","Alta
@gmail.com","Alta
",M,Smith,Engineer,500,0,0,0,0,0,0,0
153,"Celia
","Celia
@gmail.com","Celia
",M,Smith,Engineer,500,0,0,0,0,0,0,0
154,"Christine
","Christine
@gmail.com","Christine
",M,Smith,Engineer,500,0,0,0,0,0,0,0
155,"Beatrice
","Beatrice
@gmail.com","Beatrice
",M,Smith,Engineer,500,0,0,0,0,0,0,0
156,"Birdie
","Birdie
@gmail.com","Birdie
",M,Smith,Engineer,500,0,0,0,0,0,0,0
157,"Harriett
","Harriett
@gmail.com","Harriett
",M,Smith,Engineer,500,0,0,0,0,0,0,0
158,"Mable
","Mable
@gmail.com","Mable
",M,Smith,Engineer,500,0,0,0,0,0,0,0
159,"Myra
","Myra
@gmail.com","Myra
",M,Smith,Engineer,500,0,0,0,0,0,0,0
160,"Sophie
","Sophie
@gmail.com","Sophie
",M,Smith,Engineer,500,0,0,0,0,0,0,0
161,"Tillie
","Tillie
@gmail.com","Tillie
",M,Smith,Engineer,500,0,0,0,0,0,0,0
162,"Isabel
","Isabel
@gmail.com","Isabel
",M,Smith,Engineer,500,0,0,0,0,0,0,0
163,"Sylvia
","Sylvia
@gmail.com","Sylvia
",M,Smith,Engineer,500,0,0,0,0,0,0,0
164,"Carolyn
","Carolyn
@gmail.com","Carolyn
",M,Smith,Engineer,500,0,0,0,0,0,0,0
165,"Isabelle
","Isabelle
@gmail.com","Isabelle
",M,Smith,Engineer,500,0,0,0,0,0,0,0
166,"Leila
","Leila
@gmail.com","Leila
",M,Smith,Engineer,500,0,0,0,0,0,0,0
167,"Sally
","Sally
@gmail.com","Sally
",M,Smith,Engineer,500,0,0,0,0,0,0,0
168,"Ina
","Ina
@gmail.com","Ina
",M,Smith,Engineer,500,0,0,0,0,0,0,0
169,"Essie
","Essie
@gmail.com","Essie
",M,Smith,Engineer,500,0,0,0,0,0,0,0
170,"Bertie
","Bertie
@gmail.com","Bertie
",M,Smith,Engineer,500,0,0,0,0,0,0,0
171,"Nell
","Nell
@gmail.com","Nell
",M,Smith,Engineer,500,0,0,0,0,0,0,0
172,"Alberta
","Alberta
@gmail.com","Alberta
",M,Smith,Engineer,500,0,0,0,0,0,0,0
173,"Katharine
","Katharine
@gmail.com","Katharine
",M,Smith,Engineer,500,0,0,0,0,0,0,0
174,"Lora
","Lora
@gmail.com","Lora
",M,Smith,Engineer,500,0,0,0,0,0,0,0
175,"Rena
","Rena
@gmail.com","Rena
",M,Smith,Engineer,500,0,0,0,0,0,0,0
176,"Mina
","Mina
@gmail.com","Mina
",M,Smith,Engineer,500,0,0,0,0,0,0,0
177,"Rhoda
","Rhoda
@gmail.com","Rhoda
",M,Smith,Engineer,500,0,0,0,0,0,0,0
178,"Mathilda
","Mathilda
@gmail.com","Mathilda
",M,Smith,Engineer,500,0,0,0,0,0,0,0
179,"Abbie
","Abbie
@gmail.com","Abbie
",M,Smith,Engineer,500,0,0,0,0,0,0,0
180,"Eula
","Eula
@gmail.com","Eula
",M,Smith,Engineer,500,0,0,0,0,0,0,0
181,"Dollie
","Dollie
@gmail.com","Dollie
",M,Smith,Engineer,500,0,0,0,0,0,0,0
182,"Hettie
","Hettie
@gmail.com","Hettie
",M,Smith,Engineer,500,0,0,0,0,0,0,0
183,"Eunice
","Eunice
@gmail.com","Eunice
",M,Smith,Engineer,500,0,0,0,0,0,0,0
184,"Fanny
","Fanny
@gmail.com","Fanny
",M,Smith,Engineer,500,0,0,0,0,0,0,0
185,"Ola
","Ola
@gmail.com","Ola
",M,Smith,Engineer,500,0,0,0,0,0,0,0
186,"Lenora
","Lenora
@gmail.com","Lenora
",M,Smith,Engineer,500,0,0,0,0,0,0,0
187,"Adelaide
","Adelaide
@gmail.com","Adelaide
",M,Smith,Engineer,500,0,0,0,0,0,0,0
188,"Christina
","Christina
@gmail.com","Christina
",M,Smith,Engineer,500,0,0,0,0,0,0,0
189,"Lelia
","Lelia
@gmail.com","Lelia
",M,Smith,Engineer,500,0,0,0,0,0,0,0
190,"Nelle
","Nelle
@gmail.com","Nelle
",M,Smith,Engineer,500,0,0,0,0,0,0,0
191,"Sue
","Sue
@gmail.com","Sue
",M,Smith,Engineer,500,0,0,0,0,0,0,0
192,"Johanna
","Johanna
@gmail.com","Johanna
",M,Smith,Engineer,500,0,0,0,0,0,0,0
193,"Lilly
","Lilly
@gmail.com","Lilly
",M,Smith,Engineer,500,0,0,0,0,0,0,0
194,"Lucinda
","Lucinda
@gmail.com","Lucinda
",M,Smith,Engineer,500,0,0,0,0,0,0,0
195,"Minerva
","Minerva
@gmail.com","Minerva
",M,Smith,Engineer,500,0,0,0,0,0,0,0
196,"Lettie
","Lettie
@gmail.com","Lettie
",M,Smith,Engineer,500,0,0,0,0,0,0,0
197,"Roxie
","Roxie
@gmail.com","Roxie
",M,Smith,Engineer,500,0,0,0,0,0,0,0
198,"Cynthia
","Cynthia
@gmail.com","Cynthia
",M,Smith,Engineer,500,0,0,0,0,0,0,0
199,"Helena
","Helena
@gmail.com","Helena
",M,Smith,Engineer,500,0,0,0,0,0,0,0
200,"Hilda
","Hilda
@gmail.com","Hilda
",M,Smith,Engineer,500,0,0,0,0,0,0,0
201,"Hulda
","Hulda
@gmail.com","Hulda
",M,Smith,Engineer,500,0,0,0,0,0,0,0
202,"Bernice
","Bernice
@gmail.com","Bernice
",M,Smith,Engineer,500,0,0,0,0,0,0,0
203,"Genevieve
","Genevieve
@gmail.com","Genevieve
",M,Smith,Engineer,500,0,0,0,0,0,0,0
204,"Jean
","Jean
@gmail.com","Jean
",M,Smith,Engineer,500,0,0,0,0,0,0,0
205,"Cordelia
","Cordelia
@gmail.com","Cordelia
",M,Smith,Engineer,500,0,0,0,0,0,0,0
206,"Marian
","Marian
@gmail.com","Marian
",M,Smith,Engineer,500,0,0,0,0,0,0,0
207,"Francis
","Francis
@gmail.com","Francis
",M,Smith,Engineer,500,0,0,0,0,0,0,0
208,"Jeanette
","Jeanette
@gmail.com","Jeanette
",M,Smith,Engineer,500,0,0,0,0,0,0,0
209,"Adeline
","Adeline
@gmail.com","Adeline
",M,Smith,Engineer,500,0,0,0,0,0,0,0
210,"Gussie
","Gussie
@gmail.com","Gussie
",M,Smith,Engineer,500,0,0,0,0,0,0,0
211,"Leah
","Leah
@gmail.com","Leah
",M,Smith,Engineer,500,0,0,0,0,0,0,0
212,"Lois
","Lois
@gmail.com","Lois
",M,Smith,Engineer,500,0,0,0,0,0,0,0
213,"Lura
","Lura
@gmail.com","Lura
",M,Smith,Engineer,500,0,0,0,0,0,0,0
214,"Mittie
","Mittie
@gmail.com","Mittie
",M,Smith,Engineer,500,0,0,0,0,0,0,0
215,"Hallie
","Hallie
@gmail.com","Hallie
",M,Smith,Engineer,500,0,0,0,0,0,0,0
216,"Isabella
","Isabella
@gmail.com","Isabella
",M,Smith,Engineer,500,0,0,0,0,0,0,0
217,"Olga
","Olga
@gmail.com","Olga
",M,Smith,Engineer,500,0,0,0,0,0,0,0
218,"Phoebe
","Phoebe
@gmail.com","Phoebe
",M,Smith,Engineer,500,0,0,0,0,0,0,0
219,"Teresa
","Teresa
@gmail.com","Teresa
",M,Smith,Engineer,500,0,0,0,0,0,0,0
220,"Hester
","Hester
@gmail.com","Hester
",M,Smith,Engineer,500,0,0,0,0,0,0,0
221,"Lida
","Lida
@gmail.com","Lida
",M,Smith,Engineer,500,0,0,0,0,0,0,0
222,"Lina
","Lina
@gmail.com","Lina
",M,Smith,Engineer,500,0,0,0,0,0,0,0
223,"Winnie
","Winnie
@gmail.com","Winnie
",M,Smith,Engineer,500,0,0,0,0,0,0,0
224,"Claudia
","Claudia
@gmail.com","Claudia
",M,Smith,Engineer,500,0,0,0,0,0,0,0
225,"Marguerite
","Marguerite
@gmail.com","Marguerite
",M,Smith,Engineer,500,0,0,0,0,0,0,0
226,"Vera
","Vera
@gmail.com","Vera
",M,Smith,Engineer,500,0,0,0,0,0,0,0
227,"Cecelia
","Cecelia
@gmail.com","Cecelia
",M,Smith,Engineer,500,0,0,0,0,0,0,0
228,"Bess
","Bess
@gmail.com","Bess
",M,Smith,Engineer,500,0,0,0,0,0,0,0
229,"Emilie
","Emilie
@gmail.com","Emilie
",M,Smith,Engineer,500,0,0,0,0,0,0,0
230,"John
","John
@gmail.com","John
",M,Smith,Engineer,500,0,0,0,0,0,0,0
231,"Rosetta
","Rosetta
@gmail.com","Rosetta
",M,Smith,Engineer,500,0,0,0,0,0,0,0
232,"Verna
","Verna
@gmail.com","Verna
",M,Smith,Engineer,500,0,0,0,0,0,0,0
233,"Myrtie
","Myrtie
@gmail.com","Myrtie
",M,Smith,Engineer,500,0,0,0,0,0,0,0
234,"Cecilia
","Cecilia
@gmail.com","Cecilia
",M,Smith,Engineer,500,0,0,0,0,0,0,0
235,"Elva
","Elva
@gmail.com","Elva
",M,Smith,Engineer,500,0,0,0,0,0,0,0
236,"Olivia
","Olivia
@gmail.com","Olivia
",M,Smith,Engineer,500,0,0,0,0,0,0,0
237,"Ophelia
","Ophelia
@gmail.com","Ophelia
",M,Smith,Engineer,500,0,0,0,0,0,0,0
238,"Georgie
","Georgie
@gmail.com","Georgie
",M,Smith,Engineer,500,0,0,0,0,0,0,0
239,"Elnora
","Elnora
@gmail.com","Elnora
",M,Smith,Engineer,500,0,0,0,0,0,0,0
240,"Violet
","Violet
@gmail.com","Violet
",M,Smith,Engineer,500,0,0,0,0,0,0,0
241,"Adele
","Adele
@gmail.com","Adele
",M,Smith,Engineer,500,0,0,0,0,0,0,0
242,"Lily
","Lily
@gmail.com","Lily
",M,Smith,Engineer,500,0,0,0,0,0,0,0
243,"Linnie
","Linnie
@gmail.com","Linnie
",M,Smith,Engineer,500,0,0,0,0,0,0,0
244,"Loretta
","Loretta
@gmail.com","Loretta
",M,Smith,Engineer,500,0,0,0,0,0,0,0
245,"Madge
","Madge
@gmail.com","Madge
",M,Smith,Engineer,500,0,0,0,0,0,0,0
246,"Polly
","Polly
@gmail.com","Polly
",M,Smith,Engineer,500,0,0,0,0,0,0,0
247,"Virgie
","Virgie
@gmail.com","Virgie
",M,Smith,Engineer,500,0,0,0,0,0,0,0
248,"Eugenia
","Eugenia
@gmail.com","Eugenia
",M,Smith,Engineer,500,0,0,0,0,0,0,0
249,"Lucile
","Lucile
@gmail.com","Lucile
",M,Smith,Engineer,500,0,0,0,0,0,0,0
250,"Lucille
","Lucille
@gmail.com","Lucille
",M,Smith,Engineer,500,0,0,0,0,0,0,0
251,"Mabelle
","Mabelle
@gmail.com","Mabelle
",M,Smith,Engineer,500,0,0,0,0,0,0,0
252,"Rosalie
","Rosalie
@gmail.com","Rosalie
",M,Smith,Engineer,500,0,0,0,0,0,0,0
253,"Kittie
","Kittie
@gmail.com","Kittie
",M,Smith,Engineer,500,0,0,0,0,0,0,0
254,"Meta
","Meta
@gmail.com","Meta
",M,Smith,Engineer,500,0,0,0,0,0,0,0
255,"Angie
","Angie
@gmail.com","Angie
",M,Smith,Engineer,500,0,0,0,0,0,0,0
256,"Dessie
","Dessie
@gmail.com","Dessie
",M,Smith,Engineer,500,0,0,0,0,0,0,0
257,"Georgiana
","Georgiana
@gmail.com","Georgiana
",M,Smith,Engineer,500,0,0,0,0,0,0,0
258,"Lila
","Lila
@gmail.com","Lila
",M,Smith,Engineer,500,0,0,0,0,0,0,0
259,"Regina
","Regina
@gmail.com","Regina
",M,Smith,Engineer,500,0,0,0,0,0,0,0
260,"Selma
","Selma
@gmail.com","Selma
",M,Smith,Engineer,500,0,0,0,0,0,0,0
261,"Wilhelmina
","Wilhelmina
@gmail.com","Wilhelmina
",M,Smith,Engineer,500,0,0,0,0,0,0,0
262,"Bridget
","Bridget
@gmail.com","Bridget
",M,Smith,Engineer,500,0,0,0,0,0,0,0
263,"Lilla
","Lilla
@gmail.com","Lilla
",M,Smith,Engineer,500,0,0,0,0,0,0,0
264,"Malinda
","Malinda
@gmail.com","Malinda
",M,Smith,Engineer,500,0,0,0,0,0,0,0
265,"Vina
","Vina
@gmail.com","Vina
",M,Smith,Engineer,500,0,0,0,0,0,0,0
266,"Freda
","Freda
@gmail.com","Freda
",M,Smith,Engineer,500,0,0,0,0,0,0,0
267,"Gertie
","Gertie
@gmail.com","Gertie
",M,Smith,Engineer,500,0,0,0,0,0,0,0
268,"Jeannette
","Jeannette
@gmail.com","Jeannette
",M,Smith,Engineer,500,0,0,0,0,0,0,0
269,"Louella
","Louella
@gmail.com","Louella
",M,Smith,Engineer,500,0,0,0,0,0,0,0
270,"Mandy
","Mandy
@gmail.com","Mandy
",M,Smith,Engineer,500,0,0,0,0,0,0,0
271,"Roberta
","Roberta
@gmail.com","Roberta
",M,Smith,Engineer,500,0,0,0,0,0,0,0
272,"Cassie
","Cassie
@gmail.com","Cassie
",M,Smith,Engineer,500,0,0,0,0,0,0,0
273,"Corinne
","Corinne
@gmail.com","Corinne
",M,Smith,Engineer,500,0,0,0,0,0,0,0
274,"Ivy
","Ivy
@gmail.com","Ivy
",M,Smith,Engineer,500,0,0,0,0,0,0,0
275,"Melissa
","Melissa
@gmail.com","Melissa
",M,Smith,Engineer,500,0,0,0,0,0,0,0
276,"Lyda
","Lyda
@gmail.com","Lyda
",M,Smith,Engineer,500,0,0,0,0,0,0,0
277,"Naomi
","Naomi
@gmail.com","Naomi
",M,Smith,Engineer,500,0,0,0,0,0,0,0
278,"Norma
","Norma
@gmail.com","Norma
",M,Smith,Engineer,500,0,0,0,0,0,0,0
279,"Bell
","Bell
@gmail.com","Bell
",M,Smith,Engineer,500,0,0,0,0,0,0,0
280,"Margie
","Margie
@gmail.com","Margie
",M,Smith,Engineer,500,0,0,0,0,0,0,0
281,"Nona
","Nona
@gmail.com","Nona
",M,Smith,Engineer,500,0,0,0,0,0,0,0
282,"Zella
","Zella
@gmail.com","Zella
",M,Smith,Engineer,500,0,0,0,0,0,0,0
283,"Dovie
","Dovie
@gmail.com","Dovie
",M,Smith,Engineer,500,0,0,0,0,0,0,0
284,"Elvira
","Elvira
@gmail.com","Elvira
",M,Smith,Engineer,500,0,0,0,0,0,0,0
285,"Erma
","Erma
@gmail.com","Erma
",M,Smith,Engineer,500,0,0,0,0,0,0,0
286,"Irma
","Irma
@gmail.com","Irma
",M,Smith,Engineer,500,0,0,0,0,0,0,0
287,"Leota
","Leota
@gmail.com","Leota
",M,Smith,Engineer,500,0,0,0,0,0,0,0
288,"William
","William
@gmail.com","William
",M,Smith,Engineer,500,0,0,0,0,0,0,0
289,"Artie
","Artie
@gmail.com","Artie
",M,Smith,Engineer,500,0,0,0,0,0,0,0
290,"Blanch
","Blanch
@gmail.com","Blanch
",M,Smith,Engineer,500,0,0,0,0,0,0,0
291,"Charity
","Charity
@gmail.com","Charity
",M,Smith,Engineer,500,0,0,0,0,0,0,0
292,"Lorena
","Lorena
@gmail.com","Lorena
",M,Smith,Engineer,500,0,0,0,0,0,0,0
293,"Lucretia
","Lucretia
@gmail.com","Lucretia
",M,Smith,Engineer,500,0,0,0,0,0,0,0
294,"Orpha
","Orpha
@gmail.com","Orpha
",M,Smith,Engineer,500,0,0,0,0,0,0,0
295,"Alvina
","Alvina
@gmail.com","Alvina
",M,Smith,Engineer,500,0,0,0,0,0,0,0
296,"Annette
","Annette
@gmail.com","Annette
",M,Smith,Engineer,500,0,0,0,0,0,0,0
297,"Catharine
","Catharine
@gmail.com","Catharine
",M,Smith,Engineer,500,0,0,0,0,0,0,0
298,"Elma
","Elma
@gmail.com","Elma
",M,Smith,Engineer,500,0,0,0,0,0,0,0
299,"Geneva
","Geneva
@gmail.com","Geneva
",M,Smith,Engineer,500,0,0,0,0,0,0,0
300,"Janet
","Janet
@gmail.com","Janet
",M,Smith,Engineer,500,0,0,0,0,0,0,0
301,"Lee
","Lee
@gmail.com","Lee
",M,Smith,Engineer,500,0,0,0,0,0,0,0
302,"Leora
","Leora
@gmail.com","Leora
",M,Smith,Engineer,500,0,0,0,0,0,0,0
303,"Lona
","Lona
@gmail.com","Lona
",M,Smith,Engineer,500,0,0,0,0,0,0,0
304,"Miriam
","Miriam
@gmail.com","Miriam
",M,Smith,Engineer,500,0,0,0,0,0,0,0
305,"Zora
","Zora
@gmail.com","Zora
",M,Smith,Engineer,500,0,0,0,0,0,0,0
306,"Linda
","Linda
@gmail.com","Linda
",M,Smith,Engineer,500,0,0,0,0,0,0,0
307,"Octavia
","Octavia
@gmail.com","Octavia
",M,Smith,Engineer,500,0,0,0,0,0,0,0
308,"Sudie
","Sudie
@gmail.com","Sudie
",M,Smith,Engineer,500,0,0,0,0,0,0,0
309,"Zula
","Zula
@gmail.com","Zula
",M,Smith,Engineer,500,0,0,0,0,0,0,0
310,"Adella
","Adella
@gmail.com","Adella
",M,Smith,Engineer,500,0,0,0,0,0,0,0
311,"Alpha
","Alpha
@gmail.com","Alpha
",M,Smith,Engineer,500,0,0,0,0,0,0,0
312,"Frieda
","Frieda
@gmail.com","Frieda
",M,Smith,Engineer,500,0,0,0,0,0,0,0
313,"George
","George
@gmail.com","George
",M,Smith,Engineer,500,0,0,0,0,0,0,0
314,"Joanna
","Joanna
@gmail.com","Joanna
",M,Smith,Engineer,500,0,0,0,0,0,0,0
315,"Leonora
","Leonora
@gmail.com","Leonora
",M,Smith,Engineer,500,0,0,0,0,0,0,0
316,"Priscilla
","Priscilla
@gmail.com","Priscilla
",M,Smith,Engineer,500,0,0,0,0,0,0,0
317,"Tennie
","Tennie
@gmail.com","Tennie
",M,Smith,Engineer,500,0,0,0,0,0,0,0
318,"Angeline
","Angeline
@gmail.com","Angeline
",M,Smith,Engineer,500,0,0,0,0,0,0,0
319,"Docia
","Docia
@gmail.com","Docia
",M,Smith,Engineer,500,0,0,0,0,0,0,0
320,"Ettie
","Ettie
@gmail.com","Ettie
",M,Smith,Engineer,500,0,0,0,0,0,0,0
321,"Flossie
","Flossie
@gmail.com","Flossie
",M,Smith,Engineer,500,0,0,0,0,0,0,0
322,"Hanna
","Hanna
@gmail.com","Hanna
",M,Smith,Engineer,500,0,0,0,0,0,0,0
323,"Letha
","Letha
@gmail.com","Letha
",M,Smith,Engineer,500,0,0,0,0,0,0,0
324,"Minta
","Minta
@gmail.com","Minta
",M,Smith,Engineer,500,0,0,0,0,0,0,0
325,"Retta
","Retta
@gmail.com","Retta
",M,Smith,Engineer,500,0,0,0,0,0,0,0
326,"Rosella
","Rosella
@gmail.com","Rosella
",M,Smith,Engineer,500,0,0,0,0,0,0,0
327,"Adah
","Adah
@gmail.com","Adah
",M,Smith,Engineer,500,0,0,0,0,0,0,0
328,"Berta
","Berta
@gmail.com","Berta
",M,Smith,Engineer,500,0,0,0,0,0,0,0
329,"Elisabeth
","Elisabeth
@gmail.com","Elisabeth
",M,Smith,Engineer,500,0,0,0,0,0,0,0
330,"Elise
","Elise
@gmail.com","Elise
",M,Smith,Engineer,500,0,0,0,0,0,0,0
331,"Goldie
","Goldie
@gmail.com","Goldie
",M,Smith,Engineer,500,0,0,0,0,0,0,0
332,"Leola
","Leola
@gmail.com","Leola
",M,Smith,Engineer,500,0,0,0,0,0,0,0
333,"Margret
","Margret
@gmail.com","Margret
",M,Smith,Engineer,500,0,0,0,0,0,0,0
334,"Adaline
","Adaline
@gmail.com","Adaline
",M,Smith,Engineer,500,0,0,0,0,0,0,0
335,"Floy
","Floy
@gmail.com","Floy
",M,Smith,Engineer,500,0,0,0,0,0,0,0
336,"Idella
","Idella
@gmail.com","Idella
",M,Smith,Engineer,500,0,0,0,0,0,0,0
337,"Juanita
","Juanita
@gmail.com","Juanita
",M,Smith,Engineer,500,0,0,0,0,0,0,0
338,"Lenna
","Lenna
@gmail.com","Lenna
",M,Smith,Engineer,500,0,0,0,0,0,0,0
339,"Lucie
","Lucie
@gmail.com","Lucie
",M,Smith,Engineer,500,0,0,0,0,0,0,0
340,"Missouri
","Missouri
@gmail.com","Missouri
",M,Smith,Engineer,500,0,0,0,0,0,0,0
341,"Nola
","Nola
@gmail.com","Nola
",M,Smith,Engineer,500,0,0,0,0,0,0,0
342,"Zoe
","Zoe
@gmail.com","Zoe
",M,Smith,Engineer,500,0,0,0,0,0,0,0
343,"Eda
","Eda
@gmail.com","Eda
",M,Smith,Engineer,500,0,0,0,0,0,0,0
344,"Isabell
","Isabell
@gmail.com","Isabell
",M,Smith,Engineer,500,0,0,0,0,0,0,0
345,"James
","James
@gmail.com","James
",M,Smith,Engineer,500,0,0,0,0,0,0,0
346,"Julie
","Julie
@gmail.com","Julie
",M,Smith,Engineer,500,0,0,0,0,0,0,0
347,"Letitia
","Letitia
@gmail.com","Letitia
",M,Smith,Engineer,500,0,0,0,0,0,0,0
348,"Madeline
","Madeline
@gmail.com","Madeline
",M,Smith,Engineer,500,0,0,0,0,0,0,0
349,"Malissa
","Malissa
@gmail.com","Malissa
",M,Smith,Engineer,500,0,0,0,0,0,0,0
350,"Mariah
","Mariah
@gmail.com","Mariah
",M,Smith,Engineer,500,0,0,0,0,0,0,0
351,"Pattie
","Pattie
@gmail.com","Pattie
",M,Smith,Engineer,500,0,0,0,0,0,0,0
352,"Vivian
","Vivian
@gmail.com","Vivian
",M,Smith,Engineer,500,0,0,0,0,0,0,0
353,"Almeda
","Almeda
@gmail.com","Almeda
",M,Smith,Engineer,500,0,0,0,0,0,0,0
354,"Aurelia
","Aurelia
@gmail.com","Aurelia
",M,Smith,Engineer,500,0,0,0,0,0,0,0
355,"Claire
","Claire
@gmail.com","Claire
",M,Smith,Engineer,500,0,0,0,0,0,0,0
356,"Dolly
","Dolly
@gmail.com","Dolly
",M,Smith,Engineer,500,0,0,0,0,0,0,0
357,"Hazel
","Hazel
@gmail.com","Hazel
",M,Smith,Engineer,500,0,0,0,0,0,0,0
358,"Jannie
","Jannie
@gmail.com","Jannie
",M,Smith,Engineer,500,0,0,0,0,0,0,0
359,"Kathleen
","Kathleen
@gmail.com","Kathleen
",M,Smith,Engineer,500,0,0,0,0,0,0,0
360,"Kathrine
","Kathrine
@gmail.com","Kathrine
",M,Smith,Engineer,500,0,0,0,0,0,0,0
361,"Lavinia
","Lavinia
@gmail.com","Lavinia
",M,Smith,Engineer,500,0,0,0,0,0,0,0
362,"Marietta
","Marietta
@gmail.com","Marietta
",M,Smith,Engineer,500,0,0,0,0,0,0,0
363,"Melvina
","Melvina
@gmail.com","Melvina
",M,Smith,Engineer,500,0,0,0,0,0,0,0
364,"Ona
","Ona
@gmail.com","Ona
",M,Smith,Engineer,500,0,0,0,0,0,0,0
365,"Pinkie
","Pinkie
@gmail.com","Pinkie
",M,Smith,Engineer,500,0,0,0,0,0,0,0
366,"Samantha
","Samantha
@gmail.com","Samantha
",M,Smith,Engineer,500,0,0,0,0,0,0,0
367,"Susanna
","Susanna
@gmail.com","Susanna
",M,Smith,Engineer,500,0,0,0,0,0,0,0
368,"Chloe
","Chloe
@gmail.com","Chloe
",M,Smith,Engineer,500,0,0,0,0,0,0,0
369,"Donnie
","Donnie
@gmail.com","Donnie
",M,Smith,Engineer,500,0,0,0,0,0,0,0
370,"Elsa
","Elsa
@gmail.com","Elsa
",M,Smith,Engineer,500,0,0,0,0,0,0,0
371,"Gladys
","Gladys
@gmail.com","Gladys
",M,Smith,Engineer,500,0,0,0,0,0,0,0
372,"Matie
","Matie
@gmail.com","Matie
",M,Smith,Engineer,500,0,0,0,0,0,0,0
373,"Pearle
","Pearle
@gmail.com","Pearle
",M,Smith,Engineer,500,0,0,0,0,0,0,0
374,"Vesta
","Vesta
@gmail.com","Vesta
",M,Smith,Engineer,500,0,0,0,0,0,0,0
375,"Vinnie
","Vinnie
@gmail.com","Vinnie
",M,Smith,Engineer,500,0,0,0,0,0,0,0
376,"Antoinette
","Antoinette
@gmail.com","Antoinette
",M,Smith,Engineer,500,0,0,0,0,0,0,0
377,"Clementine
","Clementine
@gmail.com","Clementine
",M,Smith,Engineer,500,0,0,0,0,0,0,0
378,"Edythe
","Edythe
@gmail.com","Edythe
",M,Smith,Engineer,500,0,0,0,0,0,0,0
379,"Harriette
","Harriette
@gmail.com","Harriette
",M,Smith,Engineer,500,0,0,0,0,0,0,0
380,"Libbie
","Libbie
@gmail.com","Libbie
",M,Smith,Engineer,500,0,0,0,0,0,0,0
381,"Lilian
","Lilian
@gmail.com","Lilian
",M,Smith,Engineer,500,0,0,0,0,0,0,0
382,"Lue
","Lue
@gmail.com","Lue
",M,Smith,Engineer,500,0,0,0,0,0,0,0
383,"Lutie
","Lutie
@gmail.com","Lutie
",M,Smith,Engineer,500,0,0,0,0,0,0,0
384,"Magdalena
","Magdalena
@gmail.com","Magdalena
",M,Smith,Engineer,500,0,0,0,0,0,0,0
385,"Meda
","Meda
@gmail.com","Meda
",M,Smith,Engineer,500,0,0,0,0,0,0,0
386,"Rita
","Rita
@gmail.com","Rita
",M,Smith,Engineer,500,0,0,0,0,0,0,0
387,"Tena
","Tena
@gmail.com","Tena
",M,Smith,Engineer,500,0,0,0,0,0,0,0
388,"Zelma
","Zelma
@gmail.com","Zelma
",M,Smith,Engineer,500,0,0,0,0,0,0,0
389,"Adelia
","Adelia
@gmail.com","Adelia
",M,Smith,Engineer,500,0,0,0,0,0,0,0
390,"Annetta
","Annetta
@gmail.com","Annetta
",M,Smith,Engineer,500,0,0,0,0,0,0,0
391,"Antonia
","Antonia
@gmail.com","Antonia
",M,Smith,Engineer,500,0,0,0,0,0,0,0
392,"Dona
","Dona
@gmail.com","Dona
",M,Smith,Engineer,500,0,0,0,0,0,0,0
393,"Elizebeth
","Elizebeth
@gmail.com","Elizebeth
",M,Smith,Engineer,500,0,0,0,0,0,0,0
394,"Georgianna
","Georgianna
@gmail.com","Georgianna
",M,Smith,Engineer,500,0,0,0,0,0,0,0
395,"Gracie
","Gracie
@gmail.com","Gracie
",M,Smith,Engineer,500,0,0,0,0,0,0,0
396,"Iona
","Iona
@gmail.com","Iona
",M,Smith,Engineer,500,0,0,0,0,0,0,0
397,"Lessie
","Lessie
@gmail.com","Lessie
",M,Smith,Engineer,500,0,0,0,0,0,0,0
398,"Leta
","Leta
@gmail.com","Leta
",M,Smith,Engineer,500,0,0,0,0,0,0,0
399,"Liza
","Liza
@gmail.com","Liza
",M,Smith,Engineer,500,0,0,0,0,0,0,0
400,"Mertie
","Mertie
@gmail.com","Mertie
",M,Smith,Engineer,500,0,0,0,0,0,0,0
401,"Molly
","Molly
@gmail.com","Molly
",M,Smith,Engineer,500,0,0,0,0,0,0,0
402,"Neva
","Neva
@gmail.com","Neva
",M,Smith,Engineer,500,0,0,0,0,0,0,0
403,"Oma
","Oma
@gmail.com","Oma
",M,Smith,Engineer,500,0,0,0,0,0,0,0
404,"Alida
","Alida
@gmail.com","Alida
",M,Smith,Engineer,500,0,0,0,0,0,0,0
405,"Alva
","Alva
@gmail.com","Alva
",M,Smith,Engineer,500,0,0,0,0,0,0,0
406,"Cecile
","Cecile
@gmail.com","Cecile
",M,Smith,Engineer,500,0,0,0,0,0,0,0
407,"Cleo
","Cleo
@gmail.com","Cleo
",M,Smith,Engineer,500,0,0,0,0,0,0,0
408,"Donna
","Donna
@gmail.com","Donna
",M,Smith,Engineer,500,0,0,0,0,0,0,0
409,"Ellie
","Ellie
@gmail.com","Ellie
",M,Smith,Engineer,500,0,0,0,0,0,0,0
410,"Ernestine
","Ernestine
@gmail.com","Ernestine
",M,Smith,Engineer,500,0,0,0,0,0,0,0
411,"Evie
","Evie
@gmail.com","Evie
",M,Smith,Engineer,500,0,0,0,0,0,0,0
412,"Frankie
","Frankie
@gmail.com","Frankie
",M,Smith,Engineer,500,0,0,0,0,0,0,0
413,"Helene
","Helene
@gmail.com","Helene
",M,Smith,Engineer,500,0,0,0,0,0,0,0
414,"Minna
","Minna
@gmail.com","Minna
",M,Smith,Engineer,500,0,0,0,0,0,0,0
415,"Myrta
","Myrta
@gmail.com","Myrta
",M,Smith,Engineer,500,0,0,0,0,0,0,0
416,"Prudence
","Prudence
@gmail.com","Prudence
",M,Smith,Engineer,500,0,0,0,0,0,0,0
417,"Queen
","Queen
@gmail.com","Queen
",M,Smith,Engineer,500,0,0,0,0,0,0,0
418,"Rilla
","Rilla
@gmail.com","Rilla
",M,Smith,Engineer,500,0,0,0,0,0,0,0
419,"Savannah
","Savannah
@gmail.com","Savannah
",M,Smith,Engineer,500,0,0,0,0,0,0,0
420,"Tessie
","Tessie
@gmail.com","Tessie
",M,Smith,Engineer,500,0,0,0,0,0,0,0
421,"Tina
","Tina
@gmail.com","Tina
",M,Smith,Engineer,500,0,0,0,0,0,0,0
422,"Agatha
","Agatha
@gmail.com","Agatha
",M,Smith,Engineer,500,0,0,0,0,0,0,0
423,"America
","America
@gmail.com","America
",M,Smith,Engineer,500,0,0,0,0,0,0,0
424,"Anita
","Anita
@gmail.com","Anita
",M,Smith,Engineer,500,0,0,0,0,0,0,0
425,"Arminta
","Arminta
@gmail.com","Arminta
",M,Smith,Engineer,500,0,0,0,0,0,0,0
426,"Dorothea
","Dorothea
@gmail.com","Dorothea
",M,Smith,Engineer,500,0,0,0,0,0,0,0
427,"Ira
","Ira
@gmail.com","Ira
",M,Smith,Engineer,500,0,0,0,0,0,0,0
428,"Luvenia
","Luvenia
@gmail.com","Luvenia
",M,Smith,Engineer,500,0,0,0,0,0,0,0
429,"Marjorie
","Marjorie
@gmail.com","Marjorie
",M,Smith,Engineer,500,0,0,0,0,0,0,0
430,"Maybelle
","Maybelle
@gmail.com","Maybelle
",M,Smith,Engineer,500,0,0,0,0,0,0,0
431,"Mellie
","Mellie
@gmail.com","Mellie
",M,Smith,Engineer,500,0,0,0,0,0,0,0
432,"Nan
","Nan
@gmail.com","Nan
",M,Smith,Engineer,500,0,0,0,0,0,0,0
433,"Pearlie
","Pearlie
@gmail.com","Pearlie
",M,Smith,Engineer,500,0,0,0,0,0,0,0
434,"Sidney
","Sidney
@gmail.com","Sidney
",M,Smith,Engineer,500,0,0,0,0,0,0,0
435,"Velma
","Velma
@gmail.com","Velma
",M,Smith,Engineer,500,0,0,0,0,0,0,0
436,"Clare
","Clare
@gmail.com","Clare
",M,Smith,Engineer,500,0,0,0,0,0,0,0
437,"Constance
","Constance
@gmail.com","Constance
",M,Smith,Engineer,500,0,0,0,0,0,0,0
438,"Dixie
","Dixie
@gmail.com","Dixie
",M,Smith,Engineer,500,0,0,0,0,0,0,0
439,"Ila
","Ila
@gmail.com","Ila
",M,Smith,Engineer,500,0,0,0,0,0,0,0
440,"Iola
","Iola
@gmail.com","Iola
",M,Smith,Engineer,500,0,0,0,0,0,0,0
441,"Jimmie
","Jimmie
@gmail.com","Jimmie
",M,Smith,Engineer,500,0,0,0,0,0,0,0
442,"Louvenia
","Louvenia
@gmail.com","Louvenia
",M,Smith,Engineer,500,0,0,0,0,0,0,0
443,"Lucia
","Lucia
@gmail.com","Lucia
",M,Smith,Engineer,500,0,0,0,0,0,0,0
444,"Ludie
","Ludie
@gmail.com","Ludie
",M,Smith,Engineer,500,0,0,0,0,0,0,0
445,"Luna
","Luna
@gmail.com","Luna
",M,Smith,Engineer,500,0,0,0,0,0,0,0
446,"Metta
","Metta
@gmail.com","Metta
",M,Smith,Engineer,500,0,0,0,0,0,0,0
447,"Patsy
","Patsy
@gmail.com","Patsy
",M,Smith,Engineer,500,0,0,0,0,0,0,0
448,"Phebe
","Phebe
@gmail.com","Phebe
",M,Smith,Engineer,500,0,0,0,0,0,0,0
449,"Sophronia
","Sophronia
@gmail.com","Sophronia
",M,Smith,Engineer,500,0,0,0,0,0,0,0
450,"Adda
","Adda
@gmail.com","Adda
",M,Smith,Engineer,500,0,0,0,0,0,0,0
451,"Avis
","Avis
@gmail.com","Avis
",M,Smith,Engineer,500,0,0,0,0,0,0,0
452,"Betsy
","Betsy
@gmail.com","Betsy
",M,Smith,Engineer,500,0,0,0,0,0,0,0
453,"Bonnie
","Bonnie
@gmail.com","Bonnie
",M,Smith,Engineer,500,0,0,0,0,0,0,0
454,"Cecil
","Cecil
@gmail.com","Cecil
",M,Smith,Engineer,500,0,0,0,0,0,0,0
455,"Cordie
","Cordie
@gmail.com","Cordie
",M,Smith,Engineer,500,0,0,0,0,0,0,0
456,"Emmaline
","Emmaline
@gmail.com","Emmaline
",M,Smith,Engineer,500,0,0,0,0,0,0,0
457,"Ethelyn
","Ethelyn
@gmail.com","Ethelyn
",M,Smith,Engineer,500,0,0,0,0,0,0,0
458,"Hortense
","Hortense
@gmail.com","Hortense
",M,Smith,Engineer,500,0,0,0,0,0,0,0
459,"June
","June
@gmail.com","June
",M,Smith,Engineer,500,0,0,0,0,0,0,0
460,"Louie
","Louie
@gmail.com","Louie
",M,Smith,Engineer,500,0,0,0,0,0,0,0
461,"Lovie
","Lovie
@gmail.com","Lovie
",M,Smith,Engineer,500,0,0,0,0,0,0,0
462,"Marcella
","Marcella
@gmail.com","Marcella
",M,Smith,Engineer,500,0,0,0,0,0,0,0
463,"Melinda
","Melinda
@gmail.com","Melinda
",M,Smith,Engineer,500,0,0,0,0,0,0,0
464,"Mona
","Mona
@gmail.com","Mona
",M,Smith,Engineer,500,0,0,0,0,0,0,0
465,"Odessa
","Odessa
@gmail.com","Odessa
",M,Smith,Engineer,500,0,0,0,0,0,0,0
466,"Veronica
","Veronica
@gmail.com","Veronica
",M,Smith,Engineer,500,0,0,0,0,0,0,0
467,"Aimee
","Aimee
@gmail.com","Aimee
",M,Smith,Engineer,500,0,0,0,0,0,0,0
468,"Annabel
","Annabel
@gmail.com","Annabel
",M,Smith,Engineer,500,0,0,0,0,0,0,0
469,"Ava
","Ava
@gmail.com","Ava
",M,Smith,Engineer,500,0,0,0,0,0,0,0
470,"Bella
","Bella
@gmail.com","Bella
",M,Smith,Engineer,500,0,0,0,0,0,0,0
471,"Carolina
","Carolina
@gmail.com","Carolina
",M,Smith,Engineer,500,0,0,0,0,0,0,0
472,"Cathrine
","Cathrine
@gmail.com","Cathrine
",M,Smith,Engineer,500,0,0,0,0,0,0,0
473,"Christena
","Christena
@gmail.com","Christena
",M,Smith,Engineer,500,0,0,0,0,0,0,0
474,"Clyde
","Clyde
@gmail.com","Clyde
",M,Smith,Engineer,500,0,0,0,0,0,0,0
475,"Dena
","Dena
@gmail.com","Dena
",M,Smith,Engineer,500,0,0,0,0,0,0,0
476,"Dolores
","Dolores
@gmail.com","Dolores
",M,Smith,Engineer,500,0,0,0,0,0,0,0
477,"Eleanore
","Eleanore
@gmail.com","Eleanore
",M,Smith,Engineer,500,0,0,0,0,0,0,0
478,"Elmira
","Elmira
@gmail.com","Elmira
",M,Smith,Engineer,500,0,0,0,0,0,0,0
479,"Fay
","Fay
@gmail.com","Fay
",M,Smith,Engineer,500,0,0,0,0,0,0,0
480,"Frank
","Frank
@gmail.com","Frank
",M,Smith,Engineer,500,0,0,0,0,0,0,0
481,"Jenny
","Jenny
@gmail.com","Jenny
",M,Smith,Engineer,500,0,0,0,0,0,0,0
482,"Kizzie
","Kizzie
@gmail.com","Kizzie
",M,Smith,Engineer,500,0,0,0,0,0,0,0
483,"Lonnie
","Lonnie
@gmail.com","Lonnie
",M,Smith,Engineer,500,0,0,0,0,0,0,0
484,"Loula
","Loula
@gmail.com","Loula
",M,Smith,Engineer,500,0,0,0,0,0,0,0
485,"Magdalene
","Magdalene
@gmail.com","Magdalene
",M,Smith,Engineer,500,0,0,0,0,0,0,0
486,"Mettie
","Mettie
@gmail.com","Mettie
",M,Smith,Engineer,500,0,0,0,0,0,0,0
487,"Mintie
","Mintie
@gmail.com","Mintie
",M,Smith,Engineer,500,0,0,0,0,0,0,0
488,"Peggy
","Peggy
@gmail.com","Peggy
",M,Smith,Engineer,500,0,0,0,0,0,0,0
489,"Reba
","Reba
@gmail.com","Reba
",M,Smith,Engineer,500,0,0,0,0,0,0,0
490,"Serena
","Serena
@gmail.com","Serena
",M,Smith,Engineer,500,0,0,0,0,0,0,0
491,"Vida
","Vida
@gmail.com","Vida
",M,Smith,Engineer,500,0,0,0,0,0,0,0
492,"Zada
","Zada
@gmail.com","Zada
",M,Smith,Engineer,500,0,0,0,0,0,0,0
493,"Abigail
","Abigail
@gmail.com","Abigail
",M,Smith,Engineer,500,0,0,0,0,0,0,0
494,"Celestine
","Celestine
@gmail.com","Celestine
",M,Smith,Engineer,500,0,0,0,0,0,0,0
495,"Celina
","Celina
@gmail.com","Celina
",M,Smith,Engineer,500,0,0,0,0,0,0,0
496,"Claudie
","Claudie
@gmail.com","Claudie
",M,Smith,Engineer,500,0,0,0,0,0,0,0
497,"Clemmie
","Clemmie
@gmail.com","Clemmie
",M,Smith,Engineer,500,0,0,0,0,0,0,0
498,"Connie
","Connie
@gmail.com","Connie
",M,Smith,Engineer,500,0,0,0,0,0,0,0
499,"Daisie
","Daisie
@gmail.com","Daisie
",M,Smith,Engineer,500,0,0,0,0,0,0,0
500,"Deborah
","Deborah
@gmail.com","Deborah
",M,Smith,Engineer,500,0,0,0,0,0,0,0
501,"Dessa
","Dessa
@gmail.com","Dessa
",M,Smith,Engineer,500,0,0,0,0,0,0,0
502,"Easter
","Easter
@gmail.com","Easter
",M,Smith,Engineer,500,0,0,0,0,0,0,0
503,"Eddie
","Eddie
@gmail.com","Eddie
",M,Smith,Engineer,500,0,0,0,0,0,0,0
504,"Emelia
","Emelia
@gmail.com","Emelia
",M,Smith,Engineer,500,0,0,0,0,0,0,0
505,"Emmie
","Emmie
@gmail.com","Emmie
",M,Smith,Engineer,500,0,0,0,0,0,0,0
506,"Imogene
","Imogene
@gmail.com","Imogene
",M,Smith,Engineer,500,0,0,0,0,0,0,0
507,"India
","India
@gmail.com","India
",M,Smith,Engineer,500,0,0,0,0,0,0,0
508,"Jeanne
","Jeanne
@gmail.com","Jeanne
",M,Smith,Engineer,500,0,0,0,0,0,0,0
509,"Joan
","Joan
@gmail.com","Joan
",M,Smith,Engineer,500,0,0,0,0,0,0,0
510,"Lenore
","Lenore
@gmail.com","Lenore
",M,Smith,Engineer,500,0,0,0,0,0,0,0
511,"Liddie
","Liddie
@gmail.com","Liddie
",M,Smith,Engineer,500,0,0,0,0,0,0,0
512,"Lotta
","Lotta
@gmail.com","Lotta
",M,Smith,Engineer,500,0,0,0,0,0,0,0
513,"Mame
","Mame
@gmail.com","Mame
",M,Smith,Engineer,500,0,0,0,0,0,0,0
514,"Nevada
","Nevada
@gmail.com","Nevada
",M,Smith,Engineer,500,0,0,0,0,0,0,0
515,"Rachael
","Rachael
@gmail.com","Rachael
",M,Smith,Engineer,500,0,0,0,0,0,0,0
516,"Robert
","Robert
@gmail.com","Robert
",M,Smith,Engineer,500,0,0,0,0,0,0,0
517,"Sina
","Sina
@gmail.com","Sina
",M,Smith,Engineer,500,0,0,0,0,0,0,0
518,"Willa
","Willa
@gmail.com","Willa
",M,Smith,Engineer,500,0,0,0,0,0,0,0
519,"Aline
","Aline
@gmail.com","Aline
",M,Smith,Engineer,500,0,0,0,0,0,0,0
520,"Beryl
","Beryl
@gmail.com","Beryl
",M,Smith,Engineer,500,0,0,0,0,0,0,0
521,"Charles
","Charles
@gmail.com","Charles
",M,Smith,Engineer,500,0,0,0,0,0,0,0
522,"Daisey
","Daisey
@gmail.com","Daisey
",M,Smith,Engineer,500,0,0,0,0,0,0,0
523,"Dorcas
","Dorcas
@gmail.com","Dorcas
",M,Smith,Engineer,500,0,0,0,0,0,0,0
524,"Edmonia
","Edmonia
@gmail.com","Edmonia
",M,Smith,Engineer,500,0,0,0,0,0,0,0
525,"Effa
","Effa
@gmail.com","Effa
",M,Smith,Engineer,500,0,0,0,0,0,0,0
526,"Eldora
","Eldora
@gmail.com","Eldora
",M,Smith,Engineer,500,0,0,0,0,0,0,0
527,"Eloise
","Eloise
@gmail.com","Eloise
",M,Smith,Engineer,500,0,0,0,0,0,0,0
528,"Emmer
","Emmer
@gmail.com","Emmer
",M,Smith,Engineer,500,0,0,0,0,0,0,0
529,"Era
","Era
@gmail.com","Era
",M,Smith,Engineer,500,0,0,0,0,0,0,0
530,"Gena
","Gena
@gmail.com","Gena
",M,Smith,Engineer,500,0,0,0,0,0,0,0
531,"Henry
","Henry
@gmail.com","Henry
",M,Smith,Engineer,500,0,0,0,0,0,0,0
532,"Iris
","Iris
@gmail.com","Iris
",M,Smith,Engineer,500,0,0,0,0,0,0,0
533,"Izora
","Izora
@gmail.com","Izora
",M,Smith,Engineer,500,0,0,0,0,0,0,0
534,"Lennie
","Lennie
@gmail.com","Lennie
",M,Smith,Engineer,500,0,0,0,0,0,0,0
535,"Lissie
","Lissie
@gmail.com","Lissie
",M,Smith,Engineer,500,0,0,0,0,0,0,0
536,"Mallie
","Mallie
@gmail.com","Mallie
",M,Smith,Engineer,500,0,0,0,0,0,0,0
537,"Malvina
","Malvina
@gmail.com","Malvina
",M,Smith,Engineer,500,0,0,0,0,0,0,0
538,"Mathilde
","Mathilde
@gmail.com","Mathilde
",M,Smith,Engineer,500,0,0,0,0,0,0,0
539,"Mazie
","Mazie
@gmail.com","Mazie
",M,Smith,Engineer,500,0,0,0,0,0,0,0
540,"Queenie
","Queenie
@gmail.com","Queenie
",M,Smith,Engineer,500,0,0,0,0,0,0,0
541,"Rosina
","Rosina
@gmail.com","Rosina
",M,Smith,Engineer,500,0,0,0,0,0,0,0
542,"Salome
","Salome
@gmail.com","Salome
",M,Smith,Engineer,500,0,0,0,0,0,0,0
543,"Theodora
","Theodora
@gmail.com","Theodora
",M,Smith,Engineer,500,0,0,0,0,0,0,0
544,"Therese
","Therese
@gmail.com","Therese
",M,Smith,Engineer,500,0,0,0,0,0,0,0
545,"Vena
","Vena
@gmail.com","Vena
",M,Smith,Engineer,500,0,0,0,0,0,0,0
546,"Wanda
","Wanda
@gmail.com","Wanda
",M,Smith,Engineer,500,0,0,0,0,0,0,0
547,"Wilda
","Wilda
@gmail.com","Wilda
",M,Smith,Engineer,500,0,0,0,0,0,0,0
548,"Altha
","Altha
@gmail.com","Altha
",M,Smith,Engineer,500,0,0,0,0,0,0,0
549,"Anastasia
","Anastasia
@gmail.com","Anastasia
",M,Smith,Engineer,500,0,0,0,0,0,0,0
550,"Besse
","Besse
@gmail.com","Besse
",M,Smith,Engineer,500,0,0,0,0,0,0,0
551,"Bird
","Bird
@gmail.com","Bird
",M,Smith,Engineer,500,0,0,0,0,0,0,0
552,"Birtie
","Birtie
@gmail.com","Birtie
",M,Smith,Engineer,500,0,0,0,0,0,0,0
553,"Clarissa
","Clarissa
@gmail.com","Clarissa
",M,Smith,Engineer,500,0,0,0,0,0,0,0
554,"Claude
","Claude
@gmail.com","Claude
",M,Smith,Engineer,500,0,0,0,0,0,0,0
555,"Delilah
","Delilah
@gmail.com","Delilah
",M,Smith,Engineer,500,0,0,0,0,0,0,0
556,"Diana
","Diana
@gmail.com","Diana
",M,Smith,Engineer,500,0,0,0,0,0,0,0
557,"Emelie
","Emelie
@gmail.com","Emelie
",M,Smith,Engineer,500,0,0,0,0,0,0,0
558,"Erna
","Erna
@gmail.com","Erna
",M,Smith,Engineer,500,0,0,0,0,0,0,0
559,"Fern
","Fern
@gmail.com","Fern
",M,Smith,Engineer,500,0,0,0,0,0,0,0
560,"Florida
","Florida
@gmail.com","Florida
",M,Smith,Engineer,500,0,0,0,0,0,0,0
561,"Frona
","Frona
@gmail.com","Frona
",M,Smith,Engineer,500,0,0,0,0,0,0,0
562,"Hilma
","Hilma
@gmail.com","Hilma
",M,Smith,Engineer,500,0,0,0,0,0,0,0
563,"Joseph
","Joseph
@gmail.com","Joseph
",M,Smith,Engineer,500,0,0,0,0,0,0,0
564,"Juliet
","Juliet
@gmail.com","Juliet
",M,Smith,Engineer,500,0,0,0,0,0,0,0
565,"Leonie
","Leonie
@gmail.com","Leonie
",M,Smith,Engineer,500,0,0,0,0,0,0,0
566,"Lugenia
","Lugenia
@gmail.com","Lugenia
",M,Smith,Engineer,500,0,0,0,0,0,0,0
567,"Mammie
","Mammie
@gmail.com","Mammie
",M,Smith,Engineer,500,0,0,0,0,0,0,0
568,"Manda
","Manda
@gmail.com","Manda
",M,Smith,Engineer,500,0,0,0,0,0,0,0
569,"Manerva
","Manerva
@gmail.com","Manerva
",M,Smith,Engineer,500,0,0,0,0,0,0,0
570,"Manie
","Manie
@gmail.com","Manie
",M,Smith,Engineer,500,0,0,0,0,0,0,0
571,"Nella
","Nella
@gmail.com","Nella
",M,Smith,Engineer,500,0,0,0,0,0,0,0
572,"Paulina
","Paulina
@gmail.com","Paulina
",M,Smith,Engineer,500,0,0,0,0,0,0,0
573,"Philomena
","Philomena
@gmail.com","Philomena
",M,Smith,Engineer,500,0,0,0,0,0,0,0
574,"Rae
","Rae
@gmail.com","Rae
",M,Smith,Engineer,500,0,0,0,0,0,0,0
575,"Selina
","Selina
@gmail.com","Selina
",M,Smith,Engineer,500,0,0,0,0,0,0,0
576,"Sena
","Sena
@gmail.com","Sena
",M,Smith,Engineer,500,0,0,0,0,0,0,0
577,"Theodosia
","Theodosia
@gmail.com","Theodosia
",M,Smith,Engineer,500,0,0,0,0,0,0,0
578,"Tommie
","Tommie
@gmail.com","Tommie
",M,Smith,Engineer,500,0,0,0,0,0,0,0
579,"Una
","Una
@gmail.com","Una
",M,Smith,Engineer,500,0,0,0,0,0,0,0
580,"Vernie
","Vernie
@gmail.com","Vernie
",M,Smith,Engineer,500,0,0,0,0,0,0,0
581,"Adela
","Adela
@gmail.com","Adela
",M,Smith,Engineer,500,0,0,0,0,0,0,0
582,"Althea
","Althea
@gmail.com","Althea
",M,Smith,Engineer,500,0,0,0,0,0,0,0
583,"Amalia
","Amalia
@gmail.com","Amalia
",M,Smith,Engineer,500,0,0,0,0,0,0,0
584,"Amber
","Amber
@gmail.com","Amber
",M,Smith,Engineer,500,0,0,0,0,0,0,0
585,"Angelina
","Angelina
@gmail.com","Angelina
",M,Smith,Engineer,500,0,0,0,0,0,0,0
586,"Annabelle
","Annabelle
@gmail.com","Annabelle
",M,Smith,Engineer,500,0,0,0,0,0,0,0
587,"Anner
","Anner
@gmail.com","Anner
",M,Smith,Engineer,500,0,0,0,0,0,0,0
588,"Arie
","Arie
@gmail.com","Arie
",M,Smith,Engineer,500,0,0,0,0,0,0,0
589,"Clarice
","Clarice
@gmail.com","Clarice
",M,Smith,Engineer,500,0,0,0,0,0,0,0
590,"Corda
","Corda
@gmail.com","Corda
",M,Smith,Engineer,500,0,0,0,0,0,0,0
591,"Corrie
","Corrie
@gmail.com","Corrie
",M,Smith,Engineer,500,0,0,0,0,0,0,0
592,"Dell
","Dell
@gmail.com","Dell
",M,Smith,Engineer,500,0,0,0,0,0,0,0
593,"Dellar
","Dellar
@gmail.com","Dellar
",M,Smith,Engineer,500,0,0,0,0,0,0,0
594,"Donie
","Donie
@gmail.com","Donie
",M,Smith,Engineer,500,0,0,0,0,0,0,0
595,"Doris
","Doris
@gmail.com","Doris
",M,Smith,Engineer,500,0,0,0,0,0,0,0
596,"Elda
","Elda
@gmail.com","Elda
",M,Smith,Engineer,500,0,0,0,0,0,0,0
597,"Elinor
","Elinor
@gmail.com","Elinor
",M,Smith,Engineer,500,0,0,0,0,0,0,0
598,"Emeline
","Emeline
@gmail.com","Emeline
",M,Smith,Engineer,500,0,0,0,0,0,0,0
599,"Emilia
","Emilia
@gmail.com","Emilia
",M,Smith,Engineer,500,0,0,0,0,0,0,0
600,"Esta
","Esta
@gmail.com","Esta
",M,Smith,Engineer,500,0,0,0,0,0,0,0
601,"Estell
","Estell
@gmail.com","Estell
",M,Smith,Engineer,500,0,0,0,0,0,0,0
602,"Etha
","Etha
@gmail.com","Etha
",M,Smith,Engineer,500,0,0,0,0,0,0,0
603,"Fred
","Fred
@gmail.com","Fred
",M,Smith,Engineer,500,0,0,0,0,0,0,0
604,"Hope
","Hope
@gmail.com","Hope
",M,Smith,Engineer,500,0,0,0,0,0,0,0
605,"Indiana
","Indiana
@gmail.com","Indiana
",M,Smith,Engineer,500,0,0,0,0,0,0,0
606,"Ione
","Ione
@gmail.com","Ione
",M,Smith,Engineer,500,0,0,0,0,0,0,0
607,"Jettie
","Jettie
@gmail.com","Jettie
",M,Smith,Engineer,500,0,0,0,0,0,0,0
608,"Johnnie
","Johnnie
@gmail.com","Johnnie
",M,Smith,Engineer,500,0,0,0,0,0,0,0
609,"Josiephine
","Josiephine
@gmail.com","Josiephine
",M,Smith,Engineer,500,0,0,0,0,0,0,0
610,"Kitty
","Kitty
@gmail.com","Kitty
",M,Smith,Engineer,500,0,0,0,0,0,0,0
611,"Lavina
","Lavina
@gmail.com","Lavina
",M,Smith,Engineer,500,0,0,0,0,0,0,0
612,"Leda
","Leda
@gmail.com","Leda
",M,Smith,Engineer,500,0,0,0,0,0,0,0
613,"Letta
","Letta
@gmail.com","Letta
",M,Smith,Engineer,500,0,0,0,0,0,0,0
614,"Mahala
","Mahala
@gmail.com","Mahala
",M,Smith,Engineer,500,0,0,0,0,0,0,0
615,"Marcia
","Marcia
@gmail.com","Marcia
",M,Smith,Engineer,500,0,0,0,0,0,0,0
616,"Margarette
","Margarette
@gmail.com","Margarette
",M,Smith,Engineer,500,0,0,0,0,0,0,0
617,"Maudie
","Maudie
@gmail.com","Maudie
",M,Smith,Engineer,500,0,0,0,0,0,0,0
618,"Maye
","Maye
@gmail.com","Maye
",M,Smith,Engineer,500,0,0,0,0,0,0,0
619,"Norah
","Norah
@gmail.com","Norah
",M,Smith,Engineer,500,0,0,0,0,0,0,0
620,"Oda
","Oda
@gmail.com","Oda
",M,Smith,Engineer,500,0,0,0,0,0,0,0
621,"Patty
","Patty
@gmail.com","Patty
",M,Smith,Engineer,500,0,0,0,0,0,0,0
622,"Paula
","Paula
@gmail.com","Paula
",M,Smith,Engineer,500,0,0,0,0,0,0,0
623,"Permelia
","Permelia
@gmail.com","Permelia
",M,Smith,Engineer,500,0,0,0,0,0,0,0
624,"Rosalia
","Rosalia
@gmail.com","Rosalia
",M,Smith,Engineer,500,0,0,0,0,0,0,0
625,"Roxanna
","Roxanna
@gmail.com","Roxanna
",M,Smith,Engineer,500,0,0,0,0,0,0,0
626,"Sula
","Sula
@gmail.com","Sula
",M,Smith,Engineer,500,0,0,0,0,0,0,0
627,"Vada
","Vada
@gmail.com","Vada
",M,Smith,Engineer,500,0,0,0,0,0,0,0
628,"Winnifred
","Winnifred
@gmail.com","Winnifred
",M,Smith,Engineer,500,0,0,0,0,0,0,0
629,"Adline
","Adline
@gmail.com","Adline
",M,Smith,Engineer,500,0,0,0,0,0,0,0
630,"Almira
","Almira
@gmail.com","Almira
",M,Smith,Engineer,500,0,0,0,0,0,0,0
631,"Alvena
","Alvena
@gmail.com","Alvena
",M,Smith,Engineer,500,0,0,0,0,0,0,0
632,"Arizona
","Arizona
@gmail.com","Arizona
",M,Smith,Engineer,500,0,0,0,0,0,0,0
633,"Becky
","Becky
@gmail.com","Becky
",M,Smith,Engineer,500,0,0,0,0,0,0,0
634,"Bennie
","Bennie
@gmail.com","Bennie
",M,Smith,Engineer,500,0,0,0,0,0,0,0
635,"Bernadette
","Bernadette
@gmail.com","Bernadette
",M,Smith,Engineer,500,0,0,0,0,0,0,0
636,"Camille
","Camille
@gmail.com","Camille
",M,Smith,Engineer,500,0,0,0,0,0,0,0
637,"Cordia
","Cordia
@gmail.com","Cordia
",M,Smith,Engineer,500,0,0,0,0,0,0,0
638,"Corine
","Corine
@gmail.com","Corine
",M,Smith,Engineer,500,0,0,0,0,0,0,0
639,"Dicie
","Dicie
@gmail.com","Dicie
",M,Smith,Engineer,500,0,0,0,0,0,0,0
640,"Dove
","Dove
@gmail.com","Dove
",M,Smith,Engineer,500,0,0,0,0,0,0,0
641,"Drusilla
","Drusilla
@gmail.com","Drusilla
",M,Smith,Engineer,500,0,0,0,0,0,0,0
642,"Elena
","Elena
@gmail.com","Elena
",M,Smith,Engineer,500,0,0,0,0,0,0,0
643,"Elenora
","Elenora
@gmail.com","Elenora
",M,Smith,Engineer,500,0,0,0,0,0,0,0
644,"Elmina
","Elmina
@gmail.com","Elmina
",M,Smith,Engineer,500,0,0,0,0,0,0,0
645,"Ethyl
","Ethyl
@gmail.com","Ethyl
",M,Smith,Engineer,500,0,0,0,0,0,0,0
646,"Evalyn
","Evalyn
@gmail.com","Evalyn
",M,Smith,Engineer,500,0,0,0,0,0,0,0
647,"Evelina
","Evelina
@gmail.com","Evelina
",M,Smith,Engineer,500,0,0,0,0,0,0,0
648,"Faye
","Faye
@gmail.com","Faye
",M,Smith,Engineer,500,0,0,0,0,0,0,0
649,"Huldah
","Huldah
@gmail.com","Huldah
",M,Smith,Engineer,500,0,0,0,0,0,0,0
650,"Idell
","Idell
@gmail.com","Idell
",M,Smith,Engineer,500,0,0,0,0,0,0,0
651,"Inga
","Inga
@gmail.com","Inga
",M,Smith,Engineer,500,0,0,0,0,0,0,0
652,"Irena
","Irena
@gmail.com","Irena
",M,Smith,Engineer,500,0,0,0,0,0,0,0
653,"Jewell
","Jewell
@gmail.com","Jewell
",M,Smith,Engineer,500,0,0,0,0,0,0,0
654,"Kattie
","Kattie
@gmail.com","Kattie
",M,Smith,Engineer,500,0,0,0,0,0,0,0
655,"Lavenia
","Lavenia
@gmail.com","Lavenia
",M,Smith,Engineer,500,0,0,0,0,0,0,0
656,"Leslie
","Leslie
@gmail.com","Leslie
",M,Smith,Engineer,500,0,0,0,0,0,0,0
657,"Lovina
","Lovina
@gmail.com","Lovina
",M,Smith,Engineer,500,0,0,0,0,0,0,0
658,"Lulie
","Lulie
@gmail.com","Lulie
",M,Smith,Engineer,500,0,0,0,0,0,0,0
659,"Magnolia
","Magnolia
@gmail.com","Magnolia
",M,Smith,Engineer,500,0,0,0,0,0,0,0
660,"Margeret
","Margeret
@gmail.com","Margeret
",M,Smith,Engineer,500,0,0,0,0,0,0,0
661,"Margery
","Margery
@gmail.com","Margery
",M,Smith,Engineer,500,0,0,0,0,0,0,0
662,"Media
","Media
@gmail.com","Media
",M,Smith,Engineer,500,0,0,0,0,0,0,0
663,"Millicent
","Millicent
@gmail.com","Millicent
",M,Smith,Engineer,500,0,0,0,0,0,0,0
664,"Nena
","Nena
@gmail.com","Nena
",M,Smith,Engineer,500,0,0,0,0,0,0,0
665,"Ocie
","Ocie
@gmail.com","Ocie
",M,Smith,Engineer,500,0,0,0,0,0,0,0
666,"Orilla
","Orilla
@gmail.com","Orilla
",M,Smith,Engineer,500,0,0,0,0,0,0,0
667,"Osie
","Osie
@gmail.com","Osie
",M,Smith,Engineer,500,0,0,0,0,0,0,0
668,"Pansy
","Pansy
@gmail.com","Pansy
",M,Smith,Engineer,500,0,0,0,0,0,0,0
669,"Ray
","Ray
@gmail.com","Ray
",M,Smith,Engineer,500,0,0,0,0,0,0,0
670,"Rosia
","Rosia
@gmail.com","Rosia
",M,Smith,Engineer,500,0,0,0,0,0,0,0
671,"Rowena
","Rowena
@gmail.com","Rowena
",M,Smith,Engineer,500,0,0,0,0,0,0,0
672,"Shirley
","Shirley
@gmail.com","Shirley
",M,Smith,Engineer,500,0,0,0,0,0,0,0
673,"Tabitha
","Tabitha
@gmail.com","Tabitha
",M,Smith,Engineer,500,0,0,0,0,0,0,0
674,"Thomas
","Thomas
@gmail.com","Thomas
",M,Smith,Engineer,500,0,0,0,0,0,0,0
675,"Verdie
","Verdie
@gmail.com","Verdie
",M,Smith,Engineer,500,0,0,0,0,0,0,0
676,"Walter
","Walter
@gmail.com","Walter
",M,Smith,Engineer,500,0,0,0,0,0,0,0
677,"Zetta
","Zetta
@gmail.com","Zetta
",M,Smith,Engineer,500,0,0,0,0,0,0,0
678,"Zoa
","Zoa
@gmail.com","Zoa
",M,Smith,Engineer,500,0,0,0,0,0,0,0
679,"Zona
","Zona
@gmail.com","Zona
",M,Smith,Engineer,500,0,0,0,0,0,0,0
680,"Albertina
","Albertina
@gmail.com","Albertina
",M,Smith,Engineer,500,0,0,0,0,0,0,0
681,"Albina
","Albina
@gmail.com","Albina
",M,Smith,Engineer,500,0,0,0,0,0,0,0
682,"Alyce
","Alyce
@gmail.com","Alyce
",M,Smith,Engineer,500,0,0,0,0,0,0,0
683,"Amie
","Amie
@gmail.com","Amie
",M,Smith,Engineer,500,0,0,0,0,0,0,0
684,"Angela
","Angela
@gmail.com","Angela
",M,Smith,Engineer,500,0,0,0,0,0,0,0
685,"Annis
","Annis
@gmail.com","Annis
",M,Smith,Engineer,500,0,0,0,0,0,0,0
686,"Carol
","Carol
@gmail.com","Carol
",M,Smith,Engineer,500,0,0,0,0,0,0,0
687,"Carra
","Carra
@gmail.com","Carra
",M,Smith,Engineer,500,0,0,0,0,0,0,0
688,"Clarence
","Clarence
@gmail.com","Clarence
",M,Smith,Engineer,500,0,0,0,0,0,0,0
689,"Clarinda
","Clarinda
@gmail.com","Clarinda
",M,Smith,Engineer,500,0,0,0,0,0,0,0
690,"Delphia
","Delphia
@gmail.com","Delphia
",M,Smith,Engineer,500,0,0,0,0,0,0,0
691,"Dillie
","Dillie
@gmail.com","Dillie
",M,Smith,Engineer,500,0,0,0,0,0,0,0
692,"Doshie
","Doshie
@gmail.com","Doshie
",M,Smith,Engineer,500,0,0,0,0,0,0,0
693,"Drucilla
","Drucilla
@gmail.com","Drucilla
",M,Smith,Engineer,500,0,0,0,0,0,0,0
694,"Etna
","Etna
@gmail.com","Etna
",M,Smith,Engineer,500,0,0,0,0,0,0,0
695,"Eugenie
","Eugenie
@gmail.com","Eugenie
",M,Smith,Engineer,500,0,0,0,0,0,0,0
696,"Eulalia
","Eulalia
@gmail.com","Eulalia
",M,Smith,Engineer,500,0,0,0,0,0,0,0
697,"Eve
","Eve
@gmail.com","Eve
",M,Smith,Engineer,500,0,0,0,0,0,0,0
698,"Felicia
","Felicia
@gmail.com","Felicia
",M,Smith,Engineer,500,0,0,0,0,0,0,0
699,"Florance
","Florance
@gmail.com","Florance
",M,Smith,Engineer,500,0,0,0,0,0,0,0
700,"Fronie
","Fronie
@gmail.com","Fronie
",M,Smith,Engineer,500,0,0,0,0,0,0,0
701,"Geraldine
","Geraldine
@gmail.com","Geraldine
",M,Smith,Engineer,500,0,0,0,0,0,0,0
702,"Gina
","Gina
@gmail.com","Gina
",M,Smith,Engineer,500,0,0,0,0,0,0,0
703,"Glenna
","Glenna
@gmail.com","Glenna
",M,Smith,Engineer,500,0,0,0,0,0,0,0
704,"Grayce
","Grayce
@gmail.com","Grayce
",M,Smith,Engineer,500,0,0,0,0,0,0,0
705,"Hedwig
","Hedwig
@gmail.com","Hedwig
",M,Smith,Engineer,500,0,0,0,0,0,0,0
706,"Jessica
","Jessica
@gmail.com","Jessica
",M,Smith,Engineer,500,0,0,0,0,0,0,0
707,"Jossie
","Jossie
@gmail.com","Jossie
",M,Smith,Engineer,500,0,0,0,0,0,0,0
708,"Katheryn
","Katheryn
@gmail.com","Katheryn
",M,Smith,Engineer,500,0,0,0,0,0,0,0
709,"Katy
","Katy
@gmail.com","Katy
",M,Smith,Engineer,500,0,0,0,0,0,0,0
710,"Lea
","Lea
@gmail.com","Lea
",M,Smith,Engineer,500,0,0,0,0,0,0,0
711,"Leanna
","Leanna
@gmail.com","Leanna
",M,Smith,Engineer,500,0,0,0,0,0,0,0
712,"Leitha
","Leitha
@gmail.com","Leitha
",M,Smith,Engineer,500,0,0,0,0,0,0,0
713,"Leone
","Leone
@gmail.com","Leone
",M,Smith,Engineer,500,0,0,0,0,0,0,0
714,"Lidie
","Lidie
@gmail.com","Lidie
",M,Smith,Engineer,500,0,0,0,0,0,0,0
715,"Loma
","Loma
@gmail.com","Loma
",M,Smith,Engineer,500,0,0,0,0,0,0,0
716,"Lular
","Lular
@gmail.com","Lular
",M,Smith,Engineer,500,0,0,0,0,0,0,0
717,"Magdalen
","Magdalen
@gmail.com","Magdalen
",M,Smith,Engineer,500,0,0,0,0,0,0,0
718,"Maymie
","Maymie
@gmail.com","Maymie
",M,Smith,Engineer,500,0,0,0,0,0,0,0
719,"Minervia
","Minervia
@gmail.com","Minervia
",M,Smith,Engineer,500,0,0,0,0,0,0,0
720,"Muriel
","Muriel
@gmail.com","Muriel
",M,Smith,Engineer,500,0,0,0,0,0,0,0
721,"Neppie
","Neppie
@gmail.com","Neppie
",M,Smith,Engineer,500,0,0,0,0,0,0,0
722,"Olie
","Olie
@gmail.com","Olie
",M,Smith,Engineer,500,0,0,0,0,0,0,0
723,"Onie
","Onie
@gmail.com","Onie
",M,Smith,Engineer,500,0,0,0,0,0,0,0
724,"Osa
","Osa
@gmail.com","Osa
",M,Smith,Engineer,500,0,0,0,0,0,0,0
725,"Otelia
","Otelia
@gmail.com","Otelia
",M,Smith,Engineer,500,0,0,0,0,0,0,0
726,"Paralee
","Paralee
@gmail.com","Paralee
",M,Smith,Engineer,500,0,0,0,0,0,0,0
727,"Patience
","Patience
@gmail.com","Patience
",M,Smith,Engineer,500,0,0,0,0,0,0,0
728,"Rella
","Rella
@gmail.com","Rella
",M,Smith,Engineer,500,0,0,0,0,0,0,0
729,"Rillie
","Rillie
@gmail.com","Rillie
",M,Smith,Engineer,500,0,0,0,0,0,0,0
730,"Rosanna
","Rosanna
@gmail.com","Rosanna
",M,Smith,Engineer,500,0,0,0,0,0,0,0
731,"Theo
","Theo
@gmail.com","Theo
",M,Smith,Engineer,500,0,0,0,0,0,0,0
732,"Tilda
","Tilda
@gmail.com","Tilda
",M,Smith,Engineer,500,0,0,0,0,0,0,0
733,"Tishie
","Tishie
@gmail.com","Tishie
",M,Smith,Engineer,500,0,0,0,0,0,0,0
734,"Tressa
","Tressa
@gmail.com","Tressa
",M,Smith,Engineer,500,0,0,0,0,0,0,0
735,"Viva
","Viva
@gmail.com","Viva
",M,Smith,Engineer,500,0,0,0,0,0,0,0
736,"Yetta
","Yetta
@gmail.com","Yetta
",M,Smith,Engineer,500,0,0,0,0,0,0,0
737,"Zena
","Zena
@gmail.com","Zena
",M,Smith,Engineer,500,0,0,0,0,0,0,0
738,"Zola
","Zola
@gmail.com","Zola
",M,Smith,Engineer,500,0,0,0,0,0,0,0
739,"Abby
","Abby
@gmail.com","Abby
",M,Smith,Engineer,500,0,0,0,0,0,0,0
740,"Aileen
","Aileen
@gmail.com","Aileen
",M,Smith,Engineer,500,0,0,0,0,0,0,0
741,"Alba
","Alba
@gmail.com","Alba
",M,Smith,Engineer,500,0,0,0,0,0,0,0
742,"Alda
","Alda
@gmail.com","Alda
",M,Smith,Engineer,500,0,0,0,0,0,0,0
743,"Alla
","Alla
@gmail.com","Alla
",M,Smith,Engineer,500,0,0,0,0,0,0,0
744,"Alverta
","Alverta
@gmail.com","Alverta
",M,Smith,Engineer,500,0,0,0,0,0,0,0
745,"Ara
","Ara
@gmail.com","Ara
",M,Smith,Engineer,500,0,0,0,0,0,0,0
746,"Ardelia
","Ardelia
@gmail.com","Ardelia
",M,Smith,Engineer,500,0,0,0,0,0,0,0
747,"Ardella
","Ardella
@gmail.com","Ardella
",M,Smith,Engineer,500,0,0,0,0,0,0,0
748,"Arrie
","Arrie
@gmail.com","Arrie
",M,Smith,Engineer,500,0,0,0,0,0,0,0
749,"Arvilla
","Arvilla
@gmail.com","Arvilla
",M,Smith,Engineer,500,0,0,0,0,0,0,0
750,"Augustine
","Augustine
@gmail.com","Augustine
",M,Smith,Engineer,500,0,0,0,0,0,0,0
751,"Aurora
","Aurora
@gmail.com","Aurora
",M,Smith,Engineer,500,0,0,0,0,0,0,0
752,"Bama
","Bama
@gmail.com","Bama
",M,Smith,Engineer,500,0,0,0,0,0,0,0
753,"Bena
","Bena
@gmail.com","Bena
",M,Smith,Engineer,500,0,0,0,0,0,0,0
754,"Byrd
","Byrd
@gmail.com","Byrd
",M,Smith,Engineer,500,0,0,0,0,0,0,0
755,"Calla
","Calla
@gmail.com","Calla
",M,Smith,Engineer,500,0,0,0,0,0,0,0
756,"Camilla
","Camilla
@gmail.com","Camilla
",M,Smith,Engineer,500,0,0,0,0,0,0,0
757,"Carey
","Carey
@gmail.com","Carey
",M,Smith,Engineer,500,0,0,0,0,0,0,0
758,"Carlotta
","Carlotta
@gmail.com","Carlotta
",M,Smith,Engineer,500,0,0,0,0,0,0,0
759,"Celestia
","Celestia
@gmail.com","Celestia
",M,Smith,Engineer,500,0,0,0,0,0,0,0
760,"Cherry
","Cherry
@gmail.com","Cherry
",M,Smith,Engineer,500,0,0,0,0,0,0,0
761,"Cinda
","Cinda
@gmail.com","Cinda
",M,Smith,Engineer,500,0,0,0,0,0,0,0
762,"Classie
","Classie
@gmail.com","Classie
",M,Smith,Engineer,500,0,0,0,0,0,0,0
763,"Claudine
","Claudine
@gmail.com","Claudine
",M,Smith,Engineer,500,0,0,0,0,0,0,0
764,"Clemie
","Clemie
@gmail.com","Clemie
",M,Smith,Engineer,500,0,0,0,0,0,0,0
765,"Clifford
","Clifford
@gmail.com","Clifford
",M,Smith,Engineer,500,0,0,0,0,0,0,0
766,"Clyda
","Clyda
@gmail.com","Clyda
",M,Smith,Engineer,500,0,0,0,0,0,0,0
767,"Creola
","Creola
@gmail.com","Creola
",M,Smith,Engineer,500,0,0,0,0,0,0,0
768,"Debbie
","Debbie
@gmail.com","Debbie
",M,Smith,Engineer,500,0,0,0,0,0,0,0
769,"Dee
","Dee
@gmail.com","Dee
",M,Smith,Engineer,500,0,0,0,0,0,0,0
770,"Dinah
","Dinah
@gmail.com","Dinah
",M,Smith,Engineer,500,0,0,0,0,0,0,0
771,"Doshia
","Doshia
@gmail.com","Doshia
",M,Smith,Engineer,500,0,0,0,0,0,0,0
772,"Ednah
","Ednah
@gmail.com","Ednah
",M,Smith,Engineer,500,0,0,0,0,0,0,0
773,"Edyth
","Edyth
@gmail.com","Edyth
",M,Smith,Engineer,500,0,0,0,0,0,0,0
774,"Eleanora
","Eleanora
@gmail.com","Eleanora
",M,Smith,Engineer,500,0,0,0,0,0,0,0
775,"Electa
","Electa
@gmail.com","Electa
",M,Smith,Engineer,500,0,0,0,0,0,0,0
776,"Eola
","Eola
@gmail.com","Eola
",M,Smith,Engineer,500,0,0,0,0,0,0,0
777,"Erie
","Erie
@gmail.com","Erie
",M,Smith,Engineer,500,0,0,0,0,0,0,0
778,"Eudora
","Eudora
@gmail.com","Eudora
",M,Smith,Engineer,500,0,0,0,0,0,0,0
779,"Euphemia
","Euphemia
@gmail.com","Euphemia
",M,Smith,Engineer,500,0,0,0,0,0,0,0
780,"Evalena
","Evalena
@gmail.com","Evalena
",M,Smith,Engineer,500,0,0,0,0,0,0,0
781,"Evaline
","Evaline
@gmail.com","Evaline
",M,Smith,Engineer,500,0,0,0,0,0,0,0
782,"Faith
","Faith
@gmail.com","Faith
",M,Smith,Engineer,500,0,0,0,0,0,0,0
783,"Fidelia
","Fidelia
@gmail.com","Fidelia
",M,Smith,Engineer,500,0,0,0,0,0,0,0
784,"Freddie
","Freddie
@gmail.com","Freddie
",M,Smith,Engineer,500,0,0,0,0,0,0,0
785,"Golda
","Golda
@gmail.com","Golda
",M,Smith,Engineer,500,0,0,0,0,0,0,0
786,"Harry
","Harry
@gmail.com","Harry
",M,Smith,Engineer,500,0,0,0,0,0,0,0
787,"Helma
","Helma
@gmail.com","Helma
",M,Smith,Engineer,500,0,0,0,0,0,0,0
788,"Hermine
","Hermine
@gmail.com","Hermine
",M,Smith,Engineer,500,0,0,0,0,0,0,0
789,"Hessie
","Hessie
@gmail.com","Hessie
",M,Smith,Engineer,500,0,0,0,0,0,0,0
790,"Ivah
","Ivah
@gmail.com","Ivah
",M,Smith,Engineer,500,0,0,0,0,0,0,0
791,"Janette
","Janette
@gmail.com","Janette
",M,Smith,Engineer,500,0,0,0,0,0,0,0
792,"Jennette
","Jennette
@gmail.com","Jennette
",M,Smith,Engineer,500,0,0,0,0,0,0,0
793,"Joella
","Joella
@gmail.com","Joella
",M,Smith,Engineer,500,0,0,0,0,0,0,0
794,"Kathryne
","Kathryne
@gmail.com","Kathryne
",M,Smith,Engineer,500,0,0,0,0,0,0,0
795,"Lacy
","Lacy
@gmail.com","Lacy
",M,Smith,Engineer,500,0,0,0,0,0,0,0
796,"Lanie
","Lanie
@gmail.com","Lanie
",M,Smith,Engineer,500,0,0,0,0,0,0,0
797,"Lauretta
","Lauretta
@gmail.com","Lauretta
",M,Smith,Engineer,500,0,0,0,0,0,0,0
798,"Leana
","Leana
@gmail.com","Leana
",M,Smith,Engineer,500,0,0,0,0,0,0,0
799,"Leatha
","Leatha
@gmail.com","Leatha
",M,Smith,Engineer,500,0,0,0,0,0,0,0
800,"Leo
","Leo
@gmail.com","Leo
",M,Smith,Engineer,500,0,0,0,0,0,0,0
801,"Liller
","Liller
@gmail.com","Liller
",M,Smith,Engineer,500,0,0,0,0,0,0,0
802,"Lillis
","Lillis
@gmail.com","Lillis
",M,Smith,Engineer,500,0,0,0,0,0,0,0
803,"Louetta
","Louetta
@gmail.com","Louetta
",M,Smith,Engineer,500,0,0,0,0,0,0,0
804,"Madie
","Madie
@gmail.com","Madie
",M,Smith,Engineer,500,0,0,0,0,0,0,0
805,"Mai
","Mai
@gmail.com","Mai
",M,Smith,Engineer,500,0,0,0,0,0,0,0
806,"Martina
","Martina
@gmail.com","Martina
",M,Smith,Engineer,500,0,0,0,0,0,0,0
807,"Maryann
","Maryann
@gmail.com","Maryann
",M,Smith,Engineer,500,0,0,0,0,0,0,0
808,"Melva
","Melva
@gmail.com","Melva
",M,Smith,Engineer,500,0,0,0,0,0,0,0
809,"Mena
","Mena
@gmail.com","Mena
",M,Smith,Engineer,500,0,0,0,0,0,0,0
810,"Mercedes
","Mercedes
@gmail.com","Mercedes
",M,Smith,Engineer,500,0,0,0,0,0,0,0
811,"Merle
","Merle
@gmail.com","Merle
",M,Smith,Engineer,500,0,0,0,0,0,0,0
812,"Mima
","Mima
@gmail.com","Mima
",M,Smith,Engineer,500,0,0,0,0,0,0,0
813,"Minda
","Minda
@gmail.com","Minda
",M,Smith,Engineer,500,0,0,0,0,0,0,0
814,"Monica
","Monica
@gmail.com","Monica
",M,Smith,Engineer,500,0,0,0,0,0,0,0
815,"Nealie
","Nealie
@gmail.com","Nealie
",M,Smith,Engineer,500,0,0,0,0,0,0,0
816,"Netta
","Netta
@gmail.com","Netta
",M,Smith,Engineer,500,0,0,0,0,0,0,0
817,"Nolia
","Nolia
@gmail.com","Nolia
",M,Smith,Engineer,500,0,0,0,0,0,0,0
818,"Nonie
","Nonie
@gmail.com","Nonie
",M,Smith,Engineer,500,0,0,0,0,0,0,0
819,"Odelia
","Odelia
@gmail.com","Odelia
",M,Smith,Engineer,500,0,0,0,0,0,0,0
820,"Ottilie
","Ottilie
@gmail.com","Ottilie
",M,Smith,Engineer,500,0,0,0,0,0,0,0
821,"Phyllis
","Phyllis
@gmail.com","Phyllis
",M,Smith,Engineer,500,0,0,0,0,0,0,0
822,"Robbie
","Robbie
@gmail.com","Robbie
",M,Smith,Engineer,500,0,0,0,0,0,0,0
823,"Sabina
","Sabina
@gmail.com","Sabina
",M,Smith,Engineer,500,0,0,0,0,0,0,0
824,"Sada
","Sada
@gmail.com","Sada
",M,Smith,Engineer,500,0,0,0,0,0,0,0
825,"Sammie
","Sammie
@gmail.com","Sammie
",M,Smith,Engineer,500,0,0,0,0,0,0,0
826,"Suzanne
","Suzanne
@gmail.com","Suzanne
",M,Smith,Engineer,500,0,0,0,0,0,0,0
827,"Sybilla
","Sybilla
@gmail.com","Sybilla
",M,Smith,Engineer,500,0,0,0,0,0,0,0
828,"Thea
","Thea
@gmail.com","Thea
",M,Smith,Engineer,500,0,0,0,0,0,0,0
829,"Tressie
","Tressie
@gmail.com","Tressie
",M,Smith,Engineer,500,0,0,0,0,0,0,0
830,"Vallie
","Vallie
@gmail.com","Vallie
",M,Smith,Engineer,500,0,0,0,0,0,0,0
831,"Venie
","Venie
@gmail.com","Venie
",M,Smith,Engineer,500,0,0,0,0,0,0,0
832,"Viney
","Viney
@gmail.com","Viney
",M,Smith,Engineer,500,0,0,0,0,0,0,0
833,"Wilhelmine
","Wilhelmine
@gmail.com","Wilhelmine
",M,Smith,Engineer,500,0,0,0,0,0,0,0
834,"Winona
","Winona
@gmail.com","Winona
",M,Smith,Engineer,500,0,0,0,0,0,0,0
835,"Zelda
","Zelda
@gmail.com","Zelda
",M,Smith,Engineer,500,0,0,0,0,0,0,0
836,"Zilpha
","Zilpha
@gmail.com","Zilpha
",M,Smith,Engineer,500,0,0,0,0,0,0,0
837,"Adelle
","Adelle
@gmail.com","Adelle
",M,Smith,Engineer,500,0,0,0,0,0,0,0
838,"Adina
","Adina
@gmail.com","Adina
",M,Smith,Engineer,500,0,0,0,0,0,0,0
839,"Adrienne
","Adrienne
@gmail.com","Adrienne
",M,Smith,Engineer,500,0,0,0,0,0,0,0
840,"Albertine
","Albertine
@gmail.com","Albertine
",M,Smith,Engineer,500,0,0,0,0,0,0,0
841,"Alys
","Alys
@gmail.com","Alys
",M,Smith,Engineer,500,0,0,0,0,0,0,0
842,"Ana
","Ana
@gmail.com","Ana
",M,Smith,Engineer,500,0,0,0,0,0,0,0
843,"Araminta
","Araminta
@gmail.com","Araminta
",M,Smith,Engineer,500,0,0,0,0,0,0,0
844,"Arthur
","Arthur
@gmail.com","Arthur
",M,Smith,Engineer,500,0,0,0,0,0,0,0
845,"Birtha
","Birtha
@gmail.com","Birtha
",M,Smith,Engineer,500,0,0,0,0,0,0,0
846,"Bulah
","Bulah
@gmail.com","Bulah
",M,Smith,Engineer,500,0,0,0,0,0,0,0
847,"Caddie
","Caddie
@gmail.com","Caddie
",M,Smith,Engineer,500,0,0,0,0,0,0,0
848,"Celie
","Celie
@gmail.com","Celie
",M,Smith,Engineer,500,0,0,0,0,0,0,0
849,"Charlotta
","Charlotta
@gmail.com","Charlotta
",M,Smith,Engineer,500,0,0,0,0,0,0,0
850,"Clair
","Clair
@gmail.com","Clair
",M,Smith,Engineer,500,0,0,0,0,0,0,0
851,"Concepcion
","Concepcion
@gmail.com","Concepcion
",M,Smith,Engineer,500,0,0,0,0,0,0,0
852,"Cordella
","Cordella
@gmail.com","Cordella
",M,Smith,Engineer,500,0,0,0,0,0,0,0
853,"Corrine
","Corrine
@gmail.com","Corrine
",M,Smith,Engineer,500,0,0,0,0,0,0,0
854,"Delila
","Delila
@gmail.com","Delila
",M,Smith,Engineer,500,0,0,0,0,0,0,0
855,"Delphine
","Delphine
@gmail.com","Delphine
",M,Smith,Engineer,500,0,0,0,0,0,0,0
856,"Dosha
","Dosha
@gmail.com","Dosha
",M,Smith,Engineer,500,0,0,0,0,0,0,0
857,"Edgar
","Edgar
@gmail.com","Edgar
",M,Smith,Engineer,500,0,0,0,0,0,0,0
858,"Elaine
","Elaine
@gmail.com","Elaine
",M,Smith,Engineer,500,0,0,0,0,0,0,0
859,"Elisa
","Elisa
@gmail.com","Elisa
",M,Smith,Engineer,500,0,0,0,0,0,0,0
860,"Ellar
","Ellar
@gmail.com","Ellar
",M,Smith,Engineer,500,0,0,0,0,0,0,0
861,"Elmire
","Elmire
@gmail.com","Elmire
",M,Smith,Engineer,500,0,0,0,0,0,0,0
862,"Elvina
","Elvina
@gmail.com","Elvina
",M,Smith,Engineer,500,0,0,0,0,0,0,0
863,"Ena
","Ena
@gmail.com","Ena
",M,Smith,Engineer,500,0,0,0,0,0,0,0
864,"Estie
","Estie
@gmail.com","Estie
",M,Smith,Engineer,500,0,0,0,0,0,0,0
865,"Etter
","Etter
@gmail.com","Etter
",M,Smith,Engineer,500,0,0,0,0,0,0,0
866,"Fronnie
","Fronnie
@gmail.com","Fronnie
",M,Smith,Engineer,500,0,0,0,0,0,0,0
867,"Genie
","Genie
@gmail.com","Genie
",M,Smith,Engineer,500,0,0,0,0,0,0,0
868,"Georgina
","Georgina
@gmail.com","Georgina
",M,Smith,Engineer,500,0,0,0,0,0,0,0
869,"Glenn
","Glenn
@gmail.com","Glenn
",M,Smith,Engineer,500,0,0,0,0,0,0,0
870,"Gracia
","Gracia
@gmail.com","Gracia
",M,Smith,Engineer,500,0,0,0,0,0,0,0
871,"Guadalupe
","Guadalupe
@gmail.com","Guadalupe
",M,Smith,Engineer,500,0,0,0,0,0,0,0
872,"Gwendolyn
","Gwendolyn
@gmail.com","Gwendolyn
",M,Smith,Engineer,500,0,0,0,0,0,0,0
873,"Hassie
","Hassie
@gmail.com","Hassie
",M,Smith,Engineer,500,0,0,0,0,0,0,0
874,"Honora
","Honora
@gmail.com","Honora
",M,Smith,Engineer,500,0,0,0,0,0,0,0
875,"Icy
","Icy
@gmail.com","Icy
",M,Smith,Engineer,500,0,0,0,0,0,0,0
876,"Isa
","Isa
@gmail.com","Isa
",M,Smith,Engineer,500,0,0,0,0,0,0,0
877,"Isadora
","Isadora
@gmail.com","Isadora
",M,Smith,Engineer,500,0,0,0,0,0,0,0
878,"Jesse
","Jesse
@gmail.com","Jesse
",M,Smith,Engineer,500,0,0,0,0,0,0,0
879,"Jewel
","Jewel
@gmail.com","Jewel
",M,Smith,Engineer,500,0,0,0,0,0,0,0
880,"Joe
","Joe
@gmail.com","Joe
",M,Smith,Engineer,500,0,0,0,0,0,0,0
881,"Johannah
","Johannah
@gmail.com","Johannah
",M,Smith,Engineer,500,0,0,0,0,0,0,0
882,"Juana
","Juana
@gmail.com","Juana
",M,Smith,Engineer,500,0,0,0,0,0,0,0
883,"Judith
","Judith
@gmail.com","Judith
",M,Smith,Engineer,500,0,0,0,0,0,0,0
884,"Judy
","Judy
@gmail.com","Judy
",M,Smith,Engineer,500,0,0,0,0,0,0,0
885,"Junie
","Junie
@gmail.com","Junie
",M,Smith,Engineer,500,0,0,0,0,0,0,0
886,"Lavonia
","Lavonia
@gmail.com","Lavonia
",M,Smith,Engineer,500,0,0,0,0,0,0,0
887,"Lella
","Lella
@gmail.com","Lella
",M,Smith,Engineer,500,0,0,0,0,0,0,0
888,"Lemma
","Lemma
@gmail.com","Lemma
",M,Smith,Engineer,500,0,0,0,0,0,0,0
889,"Letty
","Letty
@gmail.com","Letty
",M,Smith,Engineer,500,0,0,0,0,0,0,0
890,"Linna
","Linna
@gmail.com","Linna
",M,Smith,Engineer,500,0,0,0,0,0,0,0
891,"Littie
","Littie
@gmail.com","Littie
",M,Smith,Engineer,500,0,0,0,0,0,0,0
892,"Lollie
","Lollie
@gmail.com","Lollie
",M,Smith,Engineer,500,0,0,0,0,0,0,0
893,"Lorene
","Lorene
@gmail.com","Lorene
",M,Smith,Engineer,500,0,0,0,0,0,0,0
894,"Louis
","Louis
@gmail.com","Louis
",M,Smith,Engineer,500,0,0,0,0,0,0,0
895,"Love
","Love
@gmail.com","Love
",M,Smith,Engineer,500,0,0,0,0,0,0,0
896,"Lovisa
","Lovisa
@gmail.com","Lovisa
",M,Smith,Engineer,500,0,0,0,0,0,0,0
897,"Lucina
","Lucina
@gmail.com","Lucina
",M,Smith,Engineer,500,0,0,0,0,0,0,0
898,"Lynn
","Lynn
@gmail.com","Lynn
",M,Smith,Engineer,500,0,0,0,0,0,0,0
899,"Madora
","Madora
@gmail.com","Madora
",M,Smith,Engineer,500,0,0,0,0,0,0,0
900,"Mahalia
","Mahalia
@gmail.com","Mahalia
",M,Smith,Engineer,500,0,0,0,0,0,0,0
901,"Manervia
","Manervia
@gmail.com","Manervia
",M,Smith,Engineer,500,0,0,0,0,0,0,0
902,"Manuela
","Manuela
@gmail.com","Manuela
",M,Smith,Engineer,500,0,0,0,0,0,0,0
903,"Margarett
","Margarett
@gmail.com","Margarett
",M,Smith,Engineer,500,0,0,0,0,0,0,0
904,"Margaretta
","Margaretta
@gmail.com","Margaretta
",M,Smith,Engineer,500,0,0,0,0,0,0,0
905,"Margarita
","Margarita
@gmail.com","Margarita
",M,Smith,Engineer,500,0,0,0,0,0,0,0
906,"Marilla
","Marilla
@gmail.com","Marilla
",M,Smith,Engineer,500,0,0,0,0,0,0,0
907,"Mignon
","Mignon
@gmail.com","Mignon
",M,Smith,Engineer,500,0,0,0,0,0,0,0
908,"Mozella
","Mozella
@gmail.com","Mozella
",M,Smith,Engineer,500,0,0,0,0,0,0,0
909,"Natalie
","Natalie
@gmail.com","Natalie
",M,Smith,Engineer,500,0,0,0,0,0,0,0
910,"Nelia
","Nelia
@gmail.com","Nelia
",M,Smith,Engineer,500,0,0,0,0,0,0,0
911,"Nolie
","Nolie
@gmail.com","Nolie
",M,Smith,Engineer,500,0,0,0,0,0,0,0
912,"Omie
","Omie
@gmail.com","Omie
",M,Smith,Engineer,500,0,0,0,0,0,0,0
913,"Opal
","Opal
@gmail.com","Opal
",M,Smith,Engineer,500,0,0,0,0,0,0,0
914,"Ossie
","Ossie
@gmail.com","Ossie
",M,Smith,Engineer,500,0,0,0,0,0,0,0
915,"Ottie
","Ottie
@gmail.com","Ottie
",M,Smith,Engineer,500,0,0,0,0,0,0,0
916,"Ottilia
","Ottilia
@gmail.com","Ottilia
",M,Smith,Engineer,500,0,0,0,0,0,0,0
917,"Parthenia
","Parthenia
@gmail.com","Parthenia
",M,Smith,Engineer,500,0,0,0,0,0,0,0
918,"Penelope
","Penelope
@gmail.com","Penelope
",M,Smith,Engineer,500,0,0,0,0,0,0,0
919,"Pinkey
","Pinkey
@gmail.com","Pinkey
",M,Smith,Engineer,500,0,0,0,0,0,0,0
920,"Pollie
","Pollie
@gmail.com","Pollie
",M,Smith,Engineer,500,0,0,0,0,0,0,0
921,"Rennie
","Rennie
@gmail.com","Rennie
",M,Smith,Engineer,500,0,0,0,0,0,0,0
922,"Reta
","Reta
@gmail.com","Reta
",M,Smith,Engineer,500,0,0,0,0,0,0,0
923,"Roena
","Roena
@gmail.com","Roena
",M,Smith,Engineer,500,0,0,0,0,0,0,0
924,"Rosalee
","Rosalee
@gmail.com","Rosalee
",M,Smith,Engineer,500,0,0,0,0,0,0,0
925,"Roseanna
","Roseanna
@gmail.com","Roseanna
",M,Smith,Engineer,500,0,0,0,0,0,0,0
926,"Ruthie
","Ruthie
@gmail.com","Ruthie
",M,Smith,Engineer,500,0,0,0,0,0,0,0
927,"Sabra
","Sabra
@gmail.com","Sabra
",M,Smith,Engineer,500,0,0,0,0,0,0,0
928,"Sannie
","Sannie
@gmail.com","Sannie
",M,Smith,Engineer,500,0,0,0,0,0,0,0
929,"Selena
","Selena
@gmail.com","Selena
",M,Smith,Engineer,500,0,0,0,0,0,0,0
930,"Sibyl
","Sibyl
@gmail.com","Sibyl
",M,Smith,Engineer,500,0,0,0,0,0,0,0
931,"Tella
","Tella
@gmail.com","Tella
",M,Smith,Engineer,500,0,0,0,0,0,0,0
932,"Tempie
","Tempie
@gmail.com","Tempie
",M,Smith,Engineer,500,0,0,0,0,0,0,0
933,"Tennessee
","Tennessee
@gmail.com","Tennessee
",M,Smith,Engineer,500,0,0,0,0,0,0,0
934,"Teressa
","Teressa
@gmail.com","Teressa
",M,Smith,Engineer,500,0,0,0,0,0,0,0
935,"Texas
","Texas
@gmail.com","Texas
",M,Smith,Engineer,500,0,0,0,0,0,0,0
936,"Theda
","Theda
@gmail.com","Theda
",M,Smith,Engineer,500,0,0,0,0,0,0,0
937,"Thelma
","Thelma
@gmail.com","Thelma
",M,Smith,Engineer,500,0,0,0,0,0,0,0
938,"Thursa
","Thursa
@gmail.com","Thursa
",M,Smith,Engineer,500,0,0,0,0,0,0,0
939,"Ula
","Ula
@gmail.com","Ula
",M,Smith,Engineer,500,0,0,0,0,0,0,0
940,"Vannie
","Vannie
@gmail.com","Vannie
",M,Smith,Engineer,500,0,0,0,0,0,0,0
941,"Verona
","Verona
@gmail.com","Verona
",M,Smith,Engineer,500,0,0,0,0,0,0,0
942,"Vertie
","Vertie
@gmail.com","Vertie
",M,Smith,Engineer,500,0,0,0,0,0,0,0
943,"Wilma
","Wilma
@gmail.com","Wilma
",M,Smith,Engineer,500,0,0,0,0,0,0,0
944,"Edward
","Edward
@gmail.com","Edward
",M,Smith,Engineer,500,0,0,0,0,0,0,0
945,"Albert
","Albert
@gmail.com","Albert
",M,Smith,Engineer,500,0,0,0,0,0,0,0
946,"Samuel
","Samuel
@gmail.com","Samuel
",M,Smith,Engineer,500,0,0,0,0,0,0,0
947,"David
","David
@gmail.com","David
",M,Smith,Engineer,500,0,0,0,0,0,0,0
948,"Charlie
","Charlie
@gmail.com","Charlie
",M,Smith,Engineer,500,0,0,0,0,0,0,0
949,"Richard
","Richard
@gmail.com","Richard
",M,Smith,Engineer,500,0,0,0,0,0,0,0
950,"Andrew
","Andrew
@gmail.com","Andrew
",M,Smith,Engineer,500,0,0,0,0,0,0,0
951,"Daniel
","Daniel
@gmail.com","Daniel
",M,Smith,Engineer,500,0,0,0,0,0,0,0
952,"Ernest
","Ernest
@gmail.com","Ernest
",M,Smith,Engineer,500,0,0,0,0,0,0,0
953,"Will
","Will
@gmail.com","Will
",M,Smith,Engineer,500,0,0,0,0,0,0,0
954,"Oscar
","Oscar
@gmail.com","Oscar
",M,Smith,Engineer,500,0,0,0,0,0,0,0
955,"Lewis
","Lewis
@gmail.com","Lewis
",M,Smith,Engineer,500,0,0,0,0,0,0,0
956,"Peter
","Peter
@gmail.com","Peter
",M,Smith,Engineer,500,0,0,0,0,0,0,0
957,"Benjamin
","Benjamin
@gmail.com","Benjamin
",M,Smith,Engineer,500,0,0,0,0,0,0,0
958,"Frederick
","Frederick
@gmail.com","Frederick
",M,Smith,Engineer,500,0,0,0,0,0,0,0
959,"Alfred
","Alfred
@gmail.com","Alfred
",M,Smith,Engineer,500,0,0,0,0,0,0,0
960,"Sam
","Sam
@gmail.com","Sam
",M,Smith,Engineer,500,0,0,0,0,0,0,0
961,"Roy
","Roy
@gmail.com","Roy
",M,Smith,Engineer,500,0,0,0,0,0,0,0
962,"Herbert
","Herbert
@gmail.com","Herbert
",M,Smith,Engineer,500,0,0,0,0,0,0,0
963,"Jacob
","Jacob
@gmail.com","Jacob
",M,Smith,Engineer,500,0,0,0,0,0,0,0
964,"Tom
","Tom
@gmail.com","Tom
",M,Smith,Engineer,500,0,0,0,0,0,0,0
965,"Elmer
","Elmer
@gmail.com","Elmer
",M,Smith,Engineer,500,0,0,0,0,0,0,0
966,"Carl
","Carl
@gmail.com","Carl
",M,Smith,Engineer,500,0,0,0,0,0,0,0
967,"Howard
","Howard
@gmail.com","Howard
",M,Smith,Engineer,500,0,0,0,0,0,0,0
968,"Martin
","Martin
@gmail.com","Martin
",M,Smith,Engineer,500,0,0,0,0,0,0,0
969,"Michael
","Michael
@gmail.com","Michael
",M,Smith,Engineer,500,0,0,0,0,0,0,0
970,"Bert
","Bert
@gmail.com","Bert
",M,Smith,Engineer,500,0,0,0,0,0,0,0
971,"Herman
","Herman
@gmail.com","Herman
",M,Smith,Engineer,500,0,0,0,0,0,0,0
972,"Jim
","Jim
@gmail.com","Jim
",M,Smith,Engineer,500,0,0,0,0,0,0,0
973,"Harvey
","Harvey
@gmail.com","Harvey
",M,Smith,Engineer,500,0,0,0,0,0,0,0
974,"Earl
","Earl
@gmail.com","Earl
",M,Smith,Engineer,500,0,0,0,0,0,0,0
975,"Eugene
","Eugene
@gmail.com","Eugene
",M,Smith,Engineer,500,0,0,0,0,0,0,0
976,"Ralph
","Ralph
@gmail.com","Ralph
",M,Smith,Engineer,500,0,0,0,0,0,0,0
977,"Ed
","Ed
@gmail.com","Ed
",M,Smith,Engineer,500,0,0,0,0,0,0,0
978,"Edwin
","Edwin
@gmail.com","Edwin
",M,Smith,Engineer,500,0,0,0,0,0,0,0
979,"Ben
","Ben
@gmail.com","Ben
",M,Smith,Engineer,500,0,0,0,0,0,0,0
980,"Charley
","Charley
@gmail.com","Charley
",M,Smith,Engineer,500,0,0,0,0,0,0,0
981,"Paul
","Paul
@gmail.com","Paul
",M,Smith,Engineer,500,0,0,0,0,0,0,0
982,"Isaac
","Isaac
@gmail.com","Isaac
",M,Smith,Engineer,500,0,0,0,0,0,0,0
983,"Otto
","Otto
@gmail.com","Otto
",M,Smith,Engineer,500,0,0,0,0,0,0,0
984,"Luther
","Luther
@gmail.com","Luther
",M,Smith,Engineer,500,0,0,0,0,0,0,0
985,"Lawrence
","Lawrence
@gmail.com","Lawrence
",M,Smith,Engineer,500,0,0,0,0,0,0,0
986,"Patrick
","Patrick
@gmail.com","Patrick
",M,Smith,Engineer,500,0,0,0,0,0,0,0
987,"Guy
","Guy
@gmail.com","Guy
",M,Smith,Engineer,500,0,0,0,0,0,0,0
988,"Oliver
","Oliver
@gmail.com","Oliver
",M,Smith,Engineer,500,0,0,0,0,0,0,0
989,"Theodore
","Theodore
@gmail.com","Theodore
",M,Smith,Engineer,500,0,0,0,0,0,0,0
990,"Hugh
","Hugh
@gmail.com","Hugh
",M,Smith,Engineer,500,0,0,0,0,0,0,0
991,"Alexander
","Alexander
@gmail.com","Alexander
",M,Smith,Engineer,500,0,0,0,0,0,0,0
992,"August
","August
@gmail.com","August
",M,Smith,Engineer,500,0,0,0,0,0,0,0
993,"Floyd
","Floyd
@gmail.com","Floyd
",M,Smith,Engineer,500,0,0,0,0,0,0,0
994,"Homer
","Homer
@gmail.com","Homer
",M,Smith,Engineer,500,0,0,0,0,0,0,0
995,"Jack
","Jack
@gmail.com","Jack
",M,Smith,Engineer,500,0,0,0,0,0,0,0
996,"Leonard
","Leonard
@gmail.com","Leonard
",M,Smith,Engineer,500,0,0,0,0,0,0,0
997,"Horace
","Horace
@gmail.com","Horace
",M,Smith,Engineer,500,0,0,0,0,0,0,0
998,"Philip
","Philip
@gmail.com","Philip
",M,Smith,Engineer,500,0,0,0,0,0,0,0
999,"Allen
","Allen
@gmail.com","Allen
",M,Smith,Engineer,500,0,0,0,0,0,0,0
1000,"Archie
","Archie
@gmail.com","Archie
",M,Smith,Engineer,500,0,0,0,0,0,0,0
1001,"Stephen
","Stephen
@gmail.com","Stephen
",M,Smith,Engineer,500,0,0,0,0,0,0,0
1002,"Chester
","Chester
@gmail.com","Chester
",M,Smith,Engineer,500,0,0,0,0,0,0,0
1003,"Willis
","Willis
@gmail.com","Willis
",M,Smith,Engineer,500,0,0,0,0,0,0,0
1004,"Raymond
","Raymond
@gmail.com","Raymond
",M,Smith,Engineer,500,0,0,0,0,0,0,0
1005,"Rufus
","Rufus
@gmail.com","Rufus
",M,Smith,Engineer,500,0,0,0,0,0,0,0
1006,"Warren
","Warren
@gmail.com","Warren
",M,Smith,Engineer,500,0,0,0,0,0,0,0
1007,"Milton
","Milton
@gmail.com","Milton
",M,Smith,Engineer,500,0,0,0,0,0,0,0
1008,"Alex
","Alex
@gmail.com","Alex
",M,Smith,Engineer,500,0,0,0,0,0,0,0
1009,"Julius
","Julius
@gmail.com","Julius
",M,Smith,Engineer,500,0,0,0,0,0,0,0
1010,"Bernard
","Bernard
@gmail.com","Bernard
",M,Smith,Engineer,500,0,0,0,0,0,0,0
1011,"Dan
","Dan
@gmail.com","Dan
",M,Smith,Engineer,500,0,0,0,0,0,0,0
1012,"Jerry
","Jerry
@gmail.com","Jerry
",M,Smith,Engineer,500,0,0,0,0,0,0,0
1013,"Calvin
","Calvin
@gmail.com","Calvin
",M,Smith,Engineer,500,0,0,0,0,0,0,0
1014,"Perry
","Perry
@gmail.com","Perry
",M,Smith,Engineer,500,0,0,0,0,0,0,0
1015,"Dave
","Dave
@gmail.com","Dave
",M,Smith,Engineer,500,0,0,0,0,0,0,0
1016,"Anthony
","Anthony
@gmail.com","Anthony
",M,Smith,Engineer,500,0,0,0,0,0,0,0
1017,"Amos
","Amos
@gmail.com","Amos
",M,Smith,Engineer,500,0,0,0,0,0,0,0
1018,"Dennis
","Dennis
@gmail.com","Dennis
",M,Smith,Engineer,500,0,0,0,0,0,0,0
1019,"Leroy
","Leroy
@gmail.com","Leroy
",M,Smith,Engineer,500,0,0,0,0,0,0,0
1020,"Wesley
","Wesley
@gmail.com","Wesley
",M,Smith,Engineer,500,0,0,0,0,0,0,0
1021,"Alonzo
","Alonzo
@gmail.com","Alonzo
",M,Smith,Engineer,500,0,0,0,0,0,0,0
1022,"Garfield
","Garfield
@gmail.com","Garfield
",M,Smith,Engineer,500,0,0,0,0,0,0,0
1023,"Franklin
","Franklin
@gmail.com","Franklin
",M,Smith,Engineer,500,0,0,0,0,0,0,0
1024,"Emil
","Emil
@gmail.com","Emil
",M,Smith,Engineer,500,0,0,0,0,0,0,0
1025,"Leon
","Leon
@gmail.com","Leon
",M,Smith,Engineer,500,0,0,0,0,0,0,0
1026,"Nathan
","Nathan
@gmail.com","Nathan
",M,Smith,Engineer,500,0,0,0,0,0,0,0
1027,"Harold
","Harold
@gmail.com","Harold
",M,Smith,Engineer,500,0,0,0,0,0,0,0
1028,"Matthew
","Matthew
@gmail.com","Matthew
",M,Smith,Engineer,500,0,0,0,0,0,0,0
1029,"Levi
","Levi
@gmail.com","Levi
",M,Smith,Engineer,500,0,0,0,0,0,0,0
1030,"Moses
","Moses
@gmail.com","Moses
",M,Smith,Engineer,500,0,0,0,0,0,0,0
1031,"Everett
","Everett
@gmail.com","Everett
",M,Smith,Engineer,500,0,0,0,0,0,0,0
1032,"Lester
","Lester
@gmail.com","Lester
",M,Smith,Engineer,500,0,0,0,0,0,0,0
1033,"Winfield
","Winfield
@gmail.com","Winfield
",M,Smith,Engineer,500,0,0,0,0,0,0,0
1034,"Adam
","Adam
@gmail.com","Adam
",M,Smith,Engineer,500,0,0,0,0,0,0,0
1035,"Lloyd
","Lloyd
@gmail.com","Lloyd
",M,Smith,Engineer,500,0,0,0,0,0,0,0
1036,"Mack
","Mack
@gmail.com","Mack
",M,Smith,Engineer,500,0,0,0,0,0,0,0
1037,"Fredrick
","Fredrick
@gmail.com","Fredrick
",M,Smith,Engineer,500,0,0,0,0,0,0,0
1038,"Jay
","Jay
@gmail.com","Jay
",M,Smith,Engineer,500,0,0,0,0,0,0,0
1039,"Jess
","Jess
@gmail.com","Jess
",M,Smith,Engineer,500,0,0,0,0,0,0,0
1040,"Melvin
","Melvin
@gmail.com","Melvin
",M,Smith,Engineer,500,0,0,0,0,0,0,0
1041,"Noah
","Noah
@gmail.com","Noah
",M,Smith,Engineer,500,0,0,0,0,0,0,0
1042,"Aaron
","Aaron
@gmail.com","Aaron
",M,Smith,Engineer,500,0,0,0,0,0,0,0
1043,"Alvin
","Alvin
@gmail.com","Alvin
",M,Smith,Engineer,500,0,0,0,0,0,0,0
1044,"Norman
","Norman
@gmail.com","Norman
",M,Smith,Engineer,500,0,0,0,0,0,0,0
1045,"Gilbert
","Gilbert
@gmail.com","Gilbert
",M,Smith,Engineer,500,0,0,0,0,0,0,0
1046,"Elijah
","Elijah
@gmail.com","Elijah
",M,Smith,Engineer,500,0,0,0,0,0,0,0
1047,"Victor
","Victor
@gmail.com","Victor
",M,Smith,Engineer,500,0,0,0,0,0,0,0
1048,"Gus
","Gus
@gmail.com","Gus
",M,Smith,Engineer,500,0,0,0,0,0,0,0
1049,"Nelson
","Nelson
@gmail.com","Nelson
",M,Smith,Engineer,500,0,0,0,0,0,0,0
1050,"Jasper
","Jasper
@gmail.com","Jasper
",M,Smith,Engineer,500,0,0,0,0,0,0,0
1051,"Silas
","Silas
@gmail.com","Silas
",M,Smith,Engineer,500,0,0,0,0,0,0,0
1052,"Jake
","Jake
@gmail.com","Jake
",M,Smith,Engineer,500,0,0,0,0,0,0,0
1053,"Christopher
","Christopher
@gmail.com","Christopher
",M,Smith,Engineer,500,0,0,0,0,0,0,0
1054,"Mike
","Mike
@gmail.com","Mike
",M,Smith,Engineer,500,0,0,0,0,0,0,0
1055,"Percy
","Percy
@gmail.com","Percy
",M,Smith,Engineer,500,0,0,0,0,0,0,0
1056,"Adolph
","Adolph
@gmail.com","Adolph
",M,Smith,Engineer,500,0,0,0,0,0,0,0
1057,"Maurice
","Maurice
@gmail.com","Maurice
",M,Smith,Engineer,500,0,0,0,0,0,0,0
1058,"Cornelius
","Cornelius
@gmail.com","Cornelius
",M,Smith,Engineer,500,0,0,0,0,0,0,0
1059,"Felix
","Felix
@gmail.com","Felix
",M,Smith,Engineer,500,0,0,0,0,0,0,0
1060,"Reuben
","Reuben
@gmail.com","Reuben
",M,Smith,Engineer,500,0,0,0,0,0,0,0
1061,"Wallace
","Wallace
@gmail.com","Wallace
",M,Smith,Engineer,500,0,0,0,0,0,0,0
1062,"Claud
","Claud
@gmail.com","Claud
",M,Smith,Engineer,500,0,0,0,0,0,0,0
1063,"Roscoe
","Roscoe
@gmail.com","Roscoe
",M,Smith,Engineer,500,0,0,0,0,0,0,0
1064,"Sylvester
","Sylvester
@gmail.com","Sylvester
",M,Smith,Engineer,500,0,0,0,0,0,0,0
1065,"Earnest
","Earnest
@gmail.com","Earnest
",M,Smith,Engineer,500,0,0,0,0,0,0,0
1066,"Hiram
","Hiram
@gmail.com","Hiram
",M,Smith,Engineer,500,0,0,0,0,0,0,0
1067,"Otis
","Otis
@gmail.com","Otis
",M,Smith,Engineer,500,0,0,0,0,0,0,0
1068,"Simon
","Simon
@gmail.com","Simon
",M,Smith,Engineer,500,0,0,0,0,0,0,0
1069,"Willard
","Willard
@gmail.com","Willard
",M,Smith,Engineer,500,0,0,0,0,0,0,0
1070,"Irvin
","Irvin
@gmail.com","Irvin
",M,Smith,Engineer,500,0,0,0,0,0,0,0
1071,"Mark
","Mark
@gmail.com","Mark
",M,Smith,Engineer,500,0,0,0,0,0,0,0
1072,"Jose
","Jose
@gmail.com","Jose
",M,Smith,Engineer,500,0,0,0,0,0,0,0
1073,"Wilbur
","Wilbur
@gmail.com","Wilbur
",M,Smith,Engineer,500,0,0,0,0,0,0,0
1074,"Abraham
","Abraham
@gmail.com","Abraham
",M,Smith,Engineer,500,0,0,0,0,0,0,0
1075,"Virgil
","Virgil
@gmail.com","Virgil
",M,Smith,Engineer,500,0,0,0,0,0,0,0
1076,"Clinton
","Clinton
@gmail.com","Clinton
",M,Smith,Engineer,500,0,0,0,0,0,0,0
1077,"Elbert
","Elbert
@gmail.com","Elbert
",M,Smith,Engineer,500,0,0,0,0,0,0,0
1078,"Marshall
","Marshall
@gmail.com","Marshall
",M,Smith,Engineer,500,0,0,0,0,0,0,0
1079,"Owen
","Owen
@gmail.com","Owen
",M,Smith,Engineer,500,0,0,0,0,0,0,0
1080,"Wiley
","Wiley
@gmail.com","Wiley
",M,Smith,Engineer,500,0,0,0,0,0,0,0
1081,"Anton
","Anton
@gmail.com","Anton
",M,Smith,Engineer,500,0,0,0,0,0,0,0
1082,"Morris
","Morris
@gmail.com","Morris
",M,Smith,Engineer,500,0,0,0,0,0,0,0
1083,"Manuel
","Manuel
@gmail.com","Manuel
",M,Smith,Engineer,500,0,0,0,0,0,0,0
1084,"Phillip
","Phillip
@gmail.com","Phillip
",M,Smith,Engineer,500,0,0,0,0,0,0,0
1085,"Augustus
","Augustus
@gmail.com","Augustus
",M,Smith,Engineer,500,0,0,0,0,0,0,0
1086,"Emmett
","Emmett
@gmail.com","Emmett
",M,Smith,Engineer,500,0,0,0,0,0,0,0
1087,"Eli
","Eli
@gmail.com","Eli
",M,Smith,Engineer,500,0,0,0,0,0,0,0
1088,"Nicholas
","Nicholas
@gmail.com","Nicholas
",M,Smith,Engineer,500,0,0,0,0,0,0,0
1089,"Wilson
","Wilson
@gmail.com","Wilson
",M,Smith,Engineer,500,0,0,0,0,0,0,0
1090,"Harley
","Harley
@gmail.com","Harley
",M,Smith,Engineer,500,0,0,0,0,0,0,0
1091,"Newton
","Newton
@gmail.com","Newton
",M,Smith,Engineer,500,0,0,0,0,0,0,0
1092,"Timothy
","Timothy
@gmail.com","Timothy
",M,Smith,Engineer,500,0,0,0,0,0,0,0
1093,"Marvin
","Marvin
@gmail.com","Marvin
",M,Smith,Engineer,500,0,0,0,0,0,0,0
1094,"Ross
","Ross
@gmail.com","Ross
",M,Smith,Engineer,500,0,0,0,0,0,0,0
1095,"Curtis
","Curtis
@gmail.com","Curtis
",M,Smith,Engineer,500,0,0,0,0,0,0,0
1096,"Edmund
","Edmund
@gmail.com","Edmund
",M,Smith,Engineer,500,0,0,0,0,0,0,0
1097,"Jeff
","Jeff
@gmail.com","Jeff
",M,Smith,Engineer,500,0,0,0,0,0,0,0
1098,"Elias
","Elias
@gmail.com","Elias
",M,Smith,Engineer,500,0,0,0,0,0,0,0
1099,"Harrison
","Harrison
@gmail.com","Harrison
",M,Smith,Engineer,500,0,0,0,0,0,0,0
1100,"Stanley
","Stanley
@gmail.com","Stanley
",M,Smith,Engineer,500,0,0,0,0,0,0,0
1101,"Columbus
","Columbus
@gmail.com","Columbus
",M,Smith,Engineer,500,0,0,0,0,0,0,0
1102,"Lon
","Lon
@gmail.com","Lon
",M,Smith,Engineer,500,0,0,0,0,0,0,0
1103,"Russell
","Russell
@gmail.com","Russell
",M,Smith,Engineer,500,0,0,0,0,0,0,0
1104,"Solomon
","Solomon
@gmail.com","Solomon
",M,Smith,Engineer,500,0,0,0,0,0,0,0
1105,"Arch
","Arch
@gmail.com","Arch
",M,Smith,Engineer,500,0,0,0,0,0,0,0
1106,"Asa
","Asa
@gmail.com","Asa
",M,Smith,Engineer,500,0,0,0,0,0,0,0
1107,"Clayton
","Clayton
@gmail.com","Clayton
",M,Smith,Engineer,500,0,0,0,0,0,0,0
1108,"Enoch
","Enoch
@gmail.com","Enoch
",M,Smith,Engineer,500,0,0,0,0,0,0,0
1109,"Irving
","Irving
@gmail.com","Irving
",M,Smith,Engineer,500,0,0,0,0,0,0,0
1110,Mathew,Mathew@gmail.com,Mathew,M,Smith,Engineer,500,0,0,0,0,0,0,0
1111,"Nathaniel
","Nathaniel
@gmail.com","Nathaniel
",M,Smith,Engineer,500,0,0,0,0,0,0,0
1121,Mathew,Mathew@gmail.com,Mathew,M,Smith,Engineer,460,54,2,122,0,6,0,1
